-- MySQL dump 10.13  Distrib 8.0.12, for Win64 (x86_64)
--
-- Host: localhost    Database: clean
-- ------------------------------------------------------
-- Server version	8.0.12

/*!40101 SET @OLD_CHARACTER_SET_CLIENT=@@CHARACTER_SET_CLIENT */;
/*!40101 SET @OLD_CHARACTER_SET_RESULTS=@@CHARACTER_SET_RESULTS */;
/*!40101 SET @OLD_COLLATION_CONNECTION=@@COLLATION_CONNECTION */;
 SET NAMES utf8mb4 ;
/*!40103 SET @OLD_TIME_ZONE=@@TIME_ZONE */;
/*!40103 SET TIME_ZONE='+00:00' */;
/*!40014 SET @OLD_UNIQUE_CHECKS=@@UNIQUE_CHECKS, UNIQUE_CHECKS=0 */;
/*!40014 SET @OLD_FOREIGN_KEY_CHECKS=@@FOREIGN_KEY_CHECKS, FOREIGN_KEY_CHECKS=0 */;
/*!40101 SET @OLD_SQL_MODE=@@SQL_MODE, SQL_MODE='NO_AUTO_VALUE_ON_ZERO' */;
/*!40111 SET @OLD_SQL_NOTES=@@SQL_NOTES, SQL_NOTES=0 */;

--
-- Table structure for table `job_benchmark_exe`
--

DROP TABLE IF EXISTS `job_benchmark_exe`;
/*!40101 SET @saved_cs_client     = @@character_set_client */;
 SET character_set_client = utf8mb4 ;
CREATE TABLE `job_benchmark_exe` (
  `bench_id` int(11) DEFAULT NULL,
  `job_id` tinytext,
  `job_name` tinytext,
  `state` tinytext,
  `run_times` int(11) DEFAULT NULL,
  `done_times` int(11) DEFAULT NULL,
  `exe_ids` tinytext,
  `start_time` timestamp NULL DEFAULT NULL,
  `end_time` timestamp NULL DEFAULT NULL,
  `duration` int(11) DEFAULT NULL
) ENGINE=InnoDB DEFAULT CHARSET=utf8mb4 COLLATE=utf8mb4_0900_ai_ci;
/*!40101 SET character_set_client = @saved_cs_client */;

--
-- Dumping data for table `job_benchmark_exe`
--

LOCK TABLES `job_benchmark_exe` WRITE;
/*!40000 ALTER TABLE `job_benchmark_exe` DISABLE KEYS */;
INSERT INTO `job_benchmark_exe` VALUES (12,'J01','作业1','completed',5,5,'44,45,46,47,48','2020-04-14 07:31:34','2020-04-14 07:33:45',130),(14,'J01','作业1','completed',2,2,'50,51','2020-04-16 01:36:53','2020-04-16 01:37:39',46),(19,'J02','作业2','terminated',2,0,'131','2020-04-20 13:10:36','2020-04-20 13:10:36',0);
/*!40000 ALTER TABLE `job_benchmark_exe` ENABLE KEYS */;
UNLOCK TABLES;

--
-- Table structure for table `job_execution`
--

DROP TABLE IF EXISTS `job_execution`;
/*!40101 SET @saved_cs_client     = @@character_set_client */;
 SET character_set_client = utf8mb4 ;
CREATE TABLE `job_execution` (
  `exe_id` int(11) DEFAULT NULL,
  `job_id` tinytext,
  `state` tinytext,
  `start_time` timestamp NULL DEFAULT NULL,
  `end_time` timestamp NULL DEFAULT NULL,
  `duration` int(11) DEFAULT NULL,
  `result_msg` varchar(1024) DEFAULT NULL,
  `run_mode` tinytext
) ENGINE=InnoDB DEFAULT CHARSET=utf8mb4 COLLATE=utf8mb4_0900_ai_ci;
/*!40101 SET character_set_client = @saved_cs_client */;

--
-- Dumping data for table `job_execution`
--

LOCK TABLES `job_execution` WRITE;
/*!40000 ALTER TABLE `job_execution` DISABLE KEYS */;
INSERT INTO `job_execution` VALUES (1,'J01','completed','2020-04-04 22:39:42','2020-04-05 01:39:47',20300,'success','pipeline'),(2,'J02','terminated','2020-04-09 16:48:29',NULL,NULL,'success','pipeline'),(3,'J01','completed','2020-04-10 04:59:03','2020-04-10 04:59:05',NULL,'success','step'),(4,'J02','completed','2020-04-10 04:59:09','2020-04-10 04:59:11',NULL,'success','step'),(5,'J01','completed','2020-04-10 04:59:12','2020-04-10 04:59:14',NULL,'success','step'),(6,'J03','completed','2020-04-10 00:40:29','2020-04-10 00:40:33',NULL,'success','benchmark'),(7,'J03','completed','2020-04-10 00:40:38','2020-04-10 00:40:39',NULL,'success','benchmark'),(8,'J03','completed','2020-04-10 00:40:41','2020-04-10 04:55:31',NULL,'success','benchmark'),(9,'J01','completed','2020-04-10 04:55:03','2020-04-10 06:51:41',NULL,'success','pipeline'),(11,'J02','completed','2020-04-10 06:51:34',NULL,NULL,'success','pipeline'),(12,'J01','completed','2020-04-11 04:35:37','2020-04-11 04:35:53',15,'success','pipeline'),(13,'J01','completed','2020-04-11 04:44:35','2020-04-11 04:45:04',29,'success','pipeline'),(14,'J01','completed','2020-04-13 08:26:57','2020-04-13 08:27:38',41,'success','step'),(15,'J01','completed','2020-04-13 08:28:46','2020-04-13 08:28:59',12,'success','step'),(16,'J01','completed','2020-04-13 08:29:01','2020-04-13 08:29:40',38,'success','step'),(17,'J01','completed','2020-04-13 08:30:51','2020-04-13 08:31:21',29,'success','step'),(18,'J01','completed','2020-04-13 08:34:22','2020-04-13 08:34:44',21,'success','step'),(19,'J04','completed','2020-04-13 08:34:49','2020-04-13 08:38:26',216,'success','step'),(20,'J01','completed','2020-04-13 08:42:07','2020-04-13 08:42:26',19,'success','benchmark'),(21,'J01','completed','2020-04-13 08:42:27','2020-04-13 08:42:48',20,'success','benchmark'),(22,'J01','completed','2020-04-13 08:42:48','2020-04-13 08:43:29',40,'success','benchmark'),(23,'J01','completed','2020-04-13 09:17:43','2020-04-13 09:18:08',24,'success','benchmark'),(24,'J01','completed','2020-04-13 09:18:09','2020-04-13 09:18:29',20,'success','benchmark'),(25,'J01','completed','2020-04-13 09:18:30','2020-04-13 09:18:50',20,'success','benchmark'),(26,'J01','completed','2020-04-13 10:24:34','2020-04-13 10:25:00',26,'success','benchmark'),(27,'J01','completed','2020-04-13 10:25:01','2020-04-13 10:25:14',12,'success','benchmark'),(28,'J01','completed','2020-04-13 10:51:54','2020-04-13 10:52:10',15,'success','benchmark'),(29,'J01','completed','2020-04-13 10:52:10','2020-04-13 10:52:23',13,'success','benchmark'),(30,'J01','completed','2020-04-13 10:55:36','2020-04-13 10:55:52',15,'success','step'),(31,'J01','completed','2020-04-13 11:00:26','2020-04-13 11:00:41',15,'success','benchmark'),(32,'J01','completed','2020-04-13 11:00:42','2020-04-13 11:00:55',12,'success','benchmark'),(33,'J01','completed','2020-04-13 11:12:17','2020-04-13 13:12:14',7197,'success','benchmark'),(34,'J01','completed','2020-04-13 13:12:15','2020-04-13 13:12:28',12,'success','benchmark'),(35,'J01','completed','2020-04-13 17:00:13','2020-04-13 17:00:27',13,'success','benchmark'),(36,'J01','completed','2020-04-13 17:00:28','2020-04-13 17:00:41',12,'success','benchmark'),(37,'J01','completed','2020-04-13 17:01:33','2020-04-13 17:01:48',14,'success','step'),(38,'J01','completed','2020-04-13 17:07:29','2020-04-13 17:07:43',13,'success','pipeline'),(39,'J01','completed','2020-04-13 17:20:50','2020-04-13 17:21:20',29,'success','pipeline'),(40,'J01','completed','2020-04-14 07:17:34','2020-04-14 07:17:49',15,'success','pipeline'),(41,'J02','terminated','2020-04-14 07:17:49',NULL,NULL,'success','pipeline'),(42,'J01','completed','2020-04-14 07:28:34','2020-04-14 07:29:03',28,'success','pipeline'),(43,'J02','terminated','2020-04-14 07:29:03','2020-04-14 07:29:03',0,'success','pipeline'),(44,'J01','completed','2020-04-14 07:31:34','2020-04-14 07:31:49',14,'success','benchmark'),(45,'J01','completed','2020-04-14 07:31:50','2020-04-14 07:32:19',28,'success','benchmark'),(46,'J01','completed','2020-04-14 07:32:19','2020-04-14 07:32:46',27,'success','benchmark'),(47,'J01','completed','2020-04-14 07:32:47','2020-04-14 07:33:16',28,'success','benchmark'),(48,'J01','completed','2020-04-14 07:33:17','2020-04-14 07:33:45',27,'success','benchmark'),(49,'J01','completed','2020-04-14 09:50:54','2020-04-14 09:51:08',14,'success','step'),(50,'J01','completed','2020-04-16 01:36:53','2020-04-16 01:37:08',15,'success','benchmark'),(51,'J01','completed','2020-04-16 01:37:09','2020-04-16 01:37:39',30,'success','benchmark'),(52,'J06','terminated','2020-04-16 05:55:12','2020-04-16 05:55:12',0,'success','benchmark'),(53,'J04','completed','2020-04-20 02:32:28','2020-04-20 02:33:18',50,'success','step'),(54,'J03','completed','2020-04-20 02:38:52','2020-04-20 06:23:28',13476,'success','step'),(55,'J04','completed','2020-04-20 03:52:45','2020-04-20 06:23:29',9043,'success','step'),(56,'J04','completed','2020-04-20 07:45:52','2020-04-20 07:46:38',46,'success','step'),(57,'J03','completed','2020-04-20 08:05:42','2020-04-20 08:08:26',163,'success','step'),(58,'J03','completed','2020-04-20 08:18:38','2020-04-20 08:34:42',964,'success','step'),(59,'J01','completed','2020-04-20 08:40:31','2020-04-20 08:41:30',58,'success','pipeline'),(60,'J02','completed','2020-04-20 08:41:30','2020-04-20 08:51:11',581,'success','pipeline'),(61,'J03','completed','2020-04-20 08:51:21','2020-04-20 08:53:56',154,'success','pipeline'),(62,'J04','completed','2020-04-20 08:54:04','2020-04-20 08:54:56',52,'success','pipeline'),(63,'J05','completed','2020-04-20 08:54:56','2020-04-20 08:55:07',10,'success','pipeline'),(64,'J06','terminated','2020-04-20 08:55:07','2020-04-20 08:55:07',0,'success','pipeline'),(65,'J01','completed','2020-04-20 09:33:35','2020-04-20 09:34:45',70,'success','pipeline'),(66,'J02','completed','2020-04-20 09:34:46','2020-04-20 09:34:51',5,'success','pipeline'),(67,'J03','completed','2020-04-20 09:35:02','2020-04-20 09:37:36',154,'success','pipeline'),(68,'J04','completed','2020-04-20 09:37:45','2020-04-20 09:38:26',41,'success','pipeline'),(69,'J05','completed','2020-04-20 09:38:26','2020-04-20 09:38:37',10,'success','pipeline'),(70,'J06','terminated','2020-04-20 09:38:37','2020-04-20 09:38:37',0,'success','pipeline'),(71,'J01','completed','2020-04-20 09:46:24','2020-04-20 09:47:20',56,'success','pipeline'),(72,'J02','completed','2020-04-20 09:47:21','2020-04-20 09:47:26',5,'success','pipeline'),(73,'J03','completed','2020-04-20 09:47:35','2020-04-20 09:50:09',154,'success','pipeline'),(74,'J04','completed','2020-04-20 09:50:18','2020-04-20 09:51:04',46,'success','pipeline'),(75,'J05','completed','2020-04-20 09:51:05','2020-04-20 09:51:15',9,'success','pipeline'),(76,'J06','terminated','2020-04-20 09:51:15','2020-04-20 09:51:15',0,'success','pipeline'),(77,'J01','completed','2020-04-20 10:59:36','2020-04-20 11:00:36',59,'success','pipeline'),(78,'J02','completed','2020-04-20 11:00:36','2020-04-20 11:00:41',5,'success','pipeline'),(79,'J03','completed','2020-04-20 11:00:51','2020-04-20 11:01:04',13,'success','pipeline'),(80,'J04','completed','2020-04-20 11:01:13','2020-04-20 11:02:20',67,'success','pipeline'),(81,'J05','completed','2020-04-20 11:02:20','2020-04-20 11:02:31',10,'success','pipeline'),(82,'J06','terminated','2020-04-20 11:02:31','2020-04-20 11:02:31',0,'success','pipeline'),(83,'J01','completed','2020-04-20 11:29:19','2020-04-20 11:30:40',80,'success','step'),(84,'J05','completed','2020-04-20 11:29:29','2020-04-20 11:29:39',10,'success','step'),(85,'J06','terminated','2020-04-20 11:29:34','2020-04-20 11:29:34',0,'success','step'),(86,'J04','completed','2020-04-20 11:29:45','2020-04-20 11:30:34',49,'success','step'),(87,'J03','terminated','2020-04-20 11:31:22','2020-04-20 11:31:37',14,'success','step'),(88,'J06','terminated','2020-04-20 11:46:02','2020-04-20 11:46:02',0,'success','step'),(89,'J02','terminated','2020-04-20 11:46:39','2020-04-20 11:46:39',0,'success','step'),(90,'J02','terminated','2020-04-20 11:46:56','2020-04-20 11:46:56',0,'success','step'),(91,'J02','terminated','2020-04-20 11:47:07','2020-04-20 11:47:07',0,'success','step'),(92,'J01','terminated','2020-04-20 11:49:41','2020-04-20 11:49:41',0,'success','step'),(93,'J01','terminated','2020-04-20 11:52:44','2020-04-20 11:52:44',0,'success','step'),(94,'J01','terminated','2020-04-20 12:01:08','2020-04-20 12:01:08',0,'success','step'),(95,'J01','terminated','2020-04-20 12:01:26','2020-04-20 12:01:26',0,'success','step'),(96,'J06','terminated','2020-04-20 12:01:28','2020-04-20 12:01:28',0,'success','step'),(97,'J02','terminated','2020-04-20 12:01:33','2020-04-20 12:01:33',0,'success','step'),(98,'J02','terminated','2020-04-20 12:01:34','2020-04-20 12:01:34',0,'success','step'),(99,'J03','terminated','2020-04-20 12:01:37','2020-04-20 12:01:37',0,'success','step'),(100,'J04','terminated','2020-04-20 12:01:46','2020-04-20 12:01:46',0,'success','step'),(101,'J04','terminated','2020-04-20 12:01:53','2020-04-20 12:01:53',0,'success','step'),(102,'J04','terminated','2020-04-20 12:01:57','2020-04-20 12:01:57',0,'success','step'),(103,'J04','terminated','2020-04-20 12:02:02','2020-04-20 12:02:02',0,'success','step'),(104,'J01','terminated','2020-04-20 12:02:38','2020-04-20 12:02:38',0,'success','step'),(105,'J02','terminated','2020-04-20 12:02:44','2020-04-20 12:02:44',0,'success','step'),(106,'J03','terminated','2020-04-20 12:02:46','2020-04-20 12:02:46',0,'success','step'),(107,'J01','terminated','2020-04-20 12:03:29','2020-04-20 12:03:29',0,'success','step'),(108,'J02','terminated','2020-04-20 12:03:33','2020-04-20 12:03:33',0,'success','step'),(109,'J01','terminated','2020-04-20 12:04:28','2020-04-20 12:04:28',0,'success','step'),(110,'J02','terminated','2020-04-20 12:04:33','2020-04-20 12:04:33',0,'success','step'),(111,'J03','terminated','2020-04-20 12:04:35','2020-04-20 12:04:35',0,'success','step'),(112,'J01','terminated','2020-04-20 12:06:20','2020-04-20 12:06:20',0,'success','step'),(113,'J02','terminated','2020-04-20 12:06:25','2020-04-20 12:06:25',0,'success','step'),(114,'J01','terminated','2020-04-20 12:06:38','2020-04-20 12:06:38',0,'success','step'),(115,'J01','terminated','2020-04-20 13:02:02','2020-04-20 13:02:02',0,'success','step'),(116,'J06','terminated','2020-04-20 13:02:13','2020-04-20 13:02:13',0,'success','step'),(117,'J02','terminated','2020-04-20 13:02:20','2020-04-20 13:02:20',0,'success','step'),(118,'J03','terminated','2020-04-20 13:02:21','2020-04-20 13:02:21',0,'success','step'),(119,'J04','terminated','2020-04-20 13:02:22','2020-04-20 13:02:22',0,'success','step'),(120,'J05','terminated','2020-04-20 13:02:24','2020-04-20 13:02:24',0,'success','step'),(121,'J01','terminated','2020-04-20 13:03:26','2020-04-20 13:03:26',0,'success','pipeline'),(122,'J01','terminated','2020-04-20 13:03:29','2020-04-20 13:03:29',0,'success','pipeline'),(123,'J01','terminated','2020-04-20 13:04:14','2020-04-20 13:04:14',0,'success','pipeline'),(124,'J01','terminated','2020-04-20 13:04:31','2020-04-20 13:04:31',0,'success','pipeline'),(125,'J01','terminated','2020-04-20 13:04:34','2020-04-20 13:04:34',0,'success','pipeline'),(126,'J01','terminated','2020-04-20 13:04:42','2020-04-20 13:04:42',0,'success','pipeline'),(127,'J02','terminated','2020-04-20 13:05:11','2020-04-20 13:05:11',0,'success','benchmark'),(128,'J01','terminated','2020-04-20 13:06:12','2020-04-20 13:06:12',0,'success','step'),(129,'J01','terminated','2020-04-20 13:08:54','2020-04-20 13:08:54',0,'success','step'),(130,'J02','terminated','2020-04-20 13:09:28','2020-04-20 13:09:28',0,'success','benchmark'),(131,'J02','terminated','2020-04-20 13:10:36','2020-04-20 13:10:36',0,'success','benchmark'),(132,'J01','completed','2020-04-20 15:24:22','2020-04-20 15:25:26',63,'success','pipeline'),(133,'J02','terminated','2020-04-20 15:25:46','2020-04-20 15:25:46',0,'success','pipeline'),(134,'J02','terminated','2020-04-20 15:48:16','2020-04-20 15:48:16',0,'success','step'),(135,'J01','completed','2020-04-20 15:58:42','2020-04-20 15:59:50',67,'success','pipeline'),(136,'J02','terminated','2020-04-20 16:00:10','2020-04-20 16:00:10',0,'success','pipeline'),(137,'J02','terminated','2020-04-20 16:04:20','2020-04-20 16:04:20',0,'success','step'),(138,'J02','completed','2020-04-20 16:08:05','2020-04-20 16:08:11',5,'success','step'),(139,'J02','completed','2020-04-20 16:12:05','2020-04-20 16:12:06',1,'success','step'),(140,'J02','completed','2020-04-20 16:17:43','2020-04-20 16:17:47',4,'success','step'),(141,'J02','completed','2020-04-21 00:33:01','2020-04-21 00:33:06',4,'success','step'),(142,'J01','completed','2020-04-21 00:33:23','2020-04-21 00:34:29',65,'success','pipeline'),(143,'J02','completed','2020-04-21 00:34:32','2020-04-21 00:34:38',5,'success','pipeline'),(144,'J03','completed','2020-04-21 00:34:48','2020-04-21 00:37:49',180,'success','pipeline'),(145,'J04','completed','2020-04-21 00:37:57','2020-04-21 00:38:45',47,'success','pipeline'),(146,'J05','completed','2020-04-21 00:38:45','2020-04-21 00:38:55',9,'success','pipeline'),(147,'J06','terminated','2020-04-21 00:38:55','2020-04-21 00:38:55',0,'success','pipeline'),(148,'J01','completed','2020-04-21 07:21:03','2020-04-21 07:22:05',61,'success','pipeline'),(149,'J02','terminated','2020-04-21 07:22:25','2020-04-21 07:22:25',0,'success','pipeline'),(150,'J01','completed','2020-04-21 07:35:30','2020-04-21 07:36:29',59,'success','pipeline'),(151,'J02','completed','2020-04-21 07:36:49','2020-04-21 07:36:55',6,'success','pipeline'),(152,'J03','completed','2020-04-21 07:37:07','2020-04-21 07:41:01',233,'success','pipeline'),(153,'J04','completed','2020-04-21 07:41:09','2020-04-21 07:41:56',47,'success','pipeline'),(154,'J05','completed','2020-04-21 07:41:56','2020-04-21 07:42:07',10,'success','pipeline'),(155,'J07','completed','2020-04-21 07:42:07','2020-04-21 07:42:12',4,'success','pipeline'),(156,'J01','completed','2020-04-21 07:42:20','2020-04-21 07:43:28',68,'success','pipeline'),(157,'J02','completed','2020-04-21 07:43:49','2020-04-21 07:43:54',5,'success','pipeline'),(158,'J03','completed','2020-04-21 07:44:06','2020-04-21 07:47:48',221,'success','pipeline'),(159,'J04','completed','2020-04-21 07:47:56','2020-04-21 07:48:43',47,'success','pipeline'),(160,'J05','completed','2020-04-21 07:48:44','2020-04-21 07:48:54',9,'success','pipeline'),(161,'J07','completed','2020-04-21 07:48:54','2020-04-21 07:48:59',5,'success','pipeline'),(162,'J01','completed','2020-04-21 07:49:07','2020-04-21 07:50:15',67,'success','pipeline'),(163,'J02','completed','2020-04-21 07:50:35','2020-04-21 07:50:41',5,'success','pipeline'),(164,'J03','completed','2020-04-21 07:50:52','2020-04-21 07:54:48',235,'success','pipeline'),(165,'J04','completed','2020-04-21 07:54:56','2020-04-21 07:55:43',47,'success','pipeline'),(166,'J05','completed','2020-04-21 07:55:43','2020-04-21 07:55:54',10,'success','pipeline'),(167,'J07','completed','2020-04-21 07:55:54','2020-04-21 07:55:59',4,'success','pipeline'),(168,'J01','completed','2020-04-21 08:00:19','2020-04-21 08:01:32',72,'success','step'),(169,'J02','completed','2020-04-21 08:02:44','2020-04-21 08:02:47',3,'success','step'),(170,'J07','completed','2020-04-21 08:08:31','2020-04-21 08:08:33',1,'success','step'),(171,'J02','completed','2020-04-21 08:20:14','2020-04-21 08:20:19',4,'success','step'),(172,'J02','completed','2020-04-21 08:30:00','2020-04-21 08:30:18',18,'success','step'),(173,'J01','completed','2020-04-21 08:35:10','2020-04-21 08:36:11',60,'success','pipeline'),(174,'J02','completed','2020-04-21 08:36:44','2020-04-21 08:36:51',6,'success','pipeline'),(175,'J03','terminated','2020-04-21 08:37:03','2020-04-21 08:38:42',98,'success','pipeline'),(176,'J02','completed','2020-04-21 08:40:26','2020-04-21 08:40:42',16,'success','step'),(177,'J01','completed','2020-04-21 08:53:41','2020-04-21 08:56:15',153,'success','pipeline'),(178,'J02','completed','2020-04-21 08:56:48','2020-04-21 08:57:01',13,'success','pipeline'),(179,'J03','completed','2020-04-21 08:57:13','2020-04-21 09:01:07',234,'success','pipeline'),(180,'J04','completed','2020-04-21 09:01:08','2020-04-21 09:02:00',52,'success','pipeline'),(181,'J05','completed','2020-04-21 09:02:00','2020-04-21 09:02:11',10,'success','pipeline'),(182,'J07','completed','2020-04-21 09:02:11','2020-04-21 09:02:16',4,'success','pipeline'),(183,'J01','completed','2020-04-21 09:02:24','2020-04-21 09:05:10',165,'success','pipeline'),(184,'J02','completed','2020-04-21 09:05:43','2020-04-21 09:06:02',19,'success','pipeline'),(185,'J03','terminated','2020-04-21 09:06:14','2020-04-21 09:06:55',40,'success','pipeline'),(186,'J07','completed','2020-04-21 09:11:09','2020-04-21 09:11:10',1,'success','step'),(187,'J07','completed','2020-04-21 09:17:33','2020-04-21 09:17:35',2,'success','step'),(188,'J02','completed','2020-04-21 09:20:19','2020-04-21 09:20:22',2,'success','step'),(189,'J01','completed','2020-04-21 09:21:09','2020-04-21 09:23:37',148,'success','step'),(190,'J02','completed','2020-04-21 09:25:15','2020-04-21 09:25:32',16,'success','step'),(191,'J07','completed','2020-04-21 10:39:05','2020-04-21 10:39:07',1,'success','step'),(192,'J07','completed','2020-04-21 10:41:09','2020-04-21 10:41:09',-1,'success','step'),(193,'J07','completed','2020-04-21 11:01:26','2020-04-21 11:02:08',41,'success','step'),(194,'J07','completed','2020-04-21 11:04:45','2020-04-21 11:05:18',33,'success','step'),(195,'J07','completed','2020-04-21 11:08:53','2020-04-21 11:08:55',1,'success','step'),(196,'J07','completed','2020-04-21 11:11:04','2020-04-21 11:11:05',0,'success','step'),(197,'J07','completed','2020-04-21 11:13:55','2020-04-21 11:13:55',0,'success','step'),(198,'J07','completed','2020-04-21 11:14:19','2020-04-21 11:14:21',2,'success','step'),(199,'J07','completed','2020-04-21 11:16:06','2020-04-21 11:16:07',1,'success','step'),(200,'J07','completed','2020-04-21 11:18:22','2020-04-21 11:18:24',1,'success','step'),(201,'J07','completed','2020-04-21 11:20:17','2020-04-21 11:25:16',298,'success','step'),(202,'J01','terminated','2020-04-21 11:27:30','2020-04-21 11:59:25',1914,'success','pipeline'),(203,'J01','terminated','2020-04-21 12:03:26','2020-04-21 12:03:26',0,'success','pipeline'),(204,'J01','terminated','2020-04-22 00:44:34','2020-04-22 00:44:34',0,'success','pipeline'),(205,'J07','completed','2020-04-22 03:16:52','2020-04-22 03:17:50',57,'success','step'),(206,'J01','completed','2020-04-22 03:22:29','2020-04-22 03:24:52',142,'success','pipeline'),(207,'J02','completed','2020-04-22 03:25:25','2020-04-22 03:25:43',17,'success','pipeline'),(208,'J03','completed','2020-04-22 03:25:54','2020-04-22 03:29:21',206,'success','pipeline'),(209,'J04','completed','2020-04-22 03:29:29','2020-04-22 03:30:15',46,'success','pipeline'),(210,'J05','completed','2020-04-22 03:30:15','2020-04-22 03:30:26',11,'success','pipeline'),(211,'J07','completed','2020-04-22 03:30:26','2020-04-22 03:31:17',51,'success','pipeline'),(212,'J01','completed','2020-04-22 03:31:25','2020-04-22 03:33:49',143,'success','pipeline'),(213,'J02','completed','2020-04-22 03:34:22','2020-04-22 03:34:36',13,'success','pipeline'),(214,'J03','completed','2020-04-22 03:34:47','2020-04-22 03:38:25',217,'success','pipeline'),(215,'J04','completed','2020-04-22 03:38:34','2020-04-22 03:39:16',41,'success','pipeline'),(216,'J05','completed','2020-04-22 03:39:16','2020-04-22 03:39:27',10,'success','pipeline'),(217,'J07','completed','2020-04-22 03:39:27','2020-04-22 03:40:17',50,'success','pipeline'),(218,'J01','completed','2020-04-22 03:40:27','2020-04-22 03:43:05',158,'success','pipeline'),(219,'J02','completed','2020-04-22 03:43:39','2020-04-22 03:43:56',16,'success','pipeline'),(220,'J03','completed','2020-04-22 03:44:06','2020-04-22 03:50:51',405,'success','pipeline'),(221,'J04','completed','2020-04-22 03:52:05','2020-04-22 03:52:53',48,'success','pipeline'),(222,'J05','completed','2020-04-22 03:52:54','2020-04-22 03:53:04',10,'success','pipeline'),(223,'J07','completed','2020-04-22 03:53:05','2020-04-22 03:54:26',80,'success','pipeline'),(224,'J07','completed','2020-04-22 07:28:00','2020-04-22 07:29:08',67,'success','step'),(225,'J01','completed','2020-04-22 07:40:51','2020-04-22 07:40:53',2,'success','pipeline'),(226,'J02','completed','2020-04-22 07:40:57','2020-04-22 07:41:04',7,'success','pipeline'),(227,'J03','completed','2020-04-22 07:41:20','2020-04-22 07:41:47',26,'success','pipeline'),(228,'J07','completed','2020-04-22 07:43:30','2020-04-22 07:43:58',28,'success','step'),(229,'J07','completed','2020-04-22 07:44:34','2020-04-22 07:45:29',54,'success','step'),(230,'J01','terminated','2020-04-22 07:46:15','2020-04-22 08:13:56',1660,'success','step'),(231,'J07','completed','2020-04-22 08:14:41','2020-04-22 08:15:37',55,'success','step'),(232,'J01','terminated','2020-04-22 08:24:44','2020-04-22 08:56:03',1878,'success','step'),(233,'J07','completed','2020-04-22 08:56:12','2020-04-22 08:57:27',74,'success','step'),(234,'J04','terminated','2020-04-22 08:57:36','2020-04-22 08:59:45',129,'success','step'),(235,'J07','completed','2020-04-22 10:54:38','2020-04-22 10:55:38',60,'success','step'),(236,'J03','completed','2020-04-22 10:57:07','2020-04-22 11:32:05',2098,'success','step'),(237,'J07','completed','2020-04-22 11:32:19','2020-04-22 11:33:10',50,'success','step'),(238,'J04','completed','2020-04-22 11:33:57','2020-04-22 11:34:07',10,'success','step'),(239,'J07','completed','2020-04-22 11:36:08','2020-04-22 11:36:58',49,'success','step'),(240,'J07','completed','2020-04-23 01:26:26','2020-04-23 01:27:57',91,'success','step'),(241,'J01','terminated','2020-04-23 01:59:33','2020-04-23 02:08:55',562,'success','step'),(242,'J04','completed','2020-04-23 02:18:05','2020-04-23 02:18:14',9,'success','step'),(243,'J04','terminated','2020-04-23 02:59:10','2020-04-23 03:02:42',212,'success','step'),(244,'J04','completed','2020-04-23 03:26:58','2020-04-23 03:27:54',55,'success','step'),(245,'J01','completed','2020-04-23 06:06:30','2020-04-23 06:06:43',13,'success','step'),(246,'J01','completed','2020-04-23 06:06:42','2020-04-23 06:06:44',1,'success','step'),(247,'J07','completed','2020-04-23 07:44:51','2020-04-23 07:45:47',55,'success','step'),(248,'J01','terminated','2020-04-23 07:47:54','2020-04-23 07:49:30',95,'success','step'),(249,'J03','completed','2020-04-23 07:49:57','2020-04-23 07:52:21',144,'success','step'),(250,'J07','completed','2020-04-23 08:06:37','2020-04-23 08:07:32',55,'success','step'),(251,'J01','completed','2020-04-23 08:07:46','2020-04-23 08:08:45',59,'success','step'),(252,'J07','completed','2020-04-23 08:24:34','2020-04-23 08:25:24',50,'success','step'),(253,'J01','terminated','2020-04-23 08:26:14','2020-04-23 08:28:28',133,'success','step'),(254,'J07','completed','2020-04-23 08:28:30','2020-04-23 08:29:22',52,'success','step'),(255,'J07','completed','2020-04-23 08:57:36','2020-04-23 08:58:29',52,'success','step'),(256,'J03','completed','2020-04-23 13:30:27','2020-04-23 13:43:25',777,'success','step'),(257,'J07','completed','2020-04-23 13:46:35','2020-04-23 13:47:26',50,'success','step'),(258,'J01','terminated','2020-04-23 13:48:42','2020-04-23 13:50:22',99,'success','step'),(259,'J07','completed','2020-04-23 13:50:24','2020-04-23 13:51:16',51,'success','step'),(260,'J01','completed','2020-04-23 13:54:57','2020-04-23 13:55:33',36,'success','step'),(261,'J07','completed','2020-04-23 15:10:12','2020-04-23 15:11:00',48,'success','step'),(262,'J01','terminated','2020-04-23 15:13:16','2020-04-23 15:16:21',184,'success','step'),(263,'J07','completed','2020-04-23 15:16:25','2020-04-23 15:17:15',50,'success','step'),(264,'J01','completed','2020-04-23 15:21:19','2020-04-23 15:55:58',2078,'success','step'),(265,'J02','completed','2020-04-23 15:57:54','2020-04-23 15:58:03',8,'success','step'),(266,'J07','completed','2020-04-24 01:52:14','2020-04-24 01:53:02',47,'success','step'),(267,'J01','terminated','2020-04-24 01:54:17','2020-04-24 04:28:25',9247,'success','step'),(268,'J04','terminated','2020-04-24 04:44:21','2020-04-24 04:56:19',717,'success','step'),(269,'J04','terminated','2020-04-24 05:39:49','2020-04-24 05:48:23',513,'success','step'),(270,'J04','terminated','2020-04-24 05:56:26','2020-04-24 05:57:04',38,'success','step'),(271,'J04','terminated','2020-04-24 06:00:24','2020-04-24 06:08:22',478,'success','step'),(272,'J07','completed','2020-04-24 06:20:48','2020-04-24 06:21:23',34,'success','step'),(273,'J01','completed','2020-04-24 06:24:31','2020-04-24 08:21:17',7005,'success','step'),(274,'J01','completed','2020-04-24 08:32:16','2020-04-24 08:32:18',1,'success','step'),(275,'J07','completed','2020-04-24 08:36:39','2020-04-24 08:37:33',53,'success','step'),(276,'J01','completed','2020-04-24 08:43:15','2020-04-24 08:47:19',244,'success','step'),(277,'J07','completed','2020-04-24 08:49:15','2020-04-24 08:50:06',51,'success','step'),(278,'J01','terminated','2020-04-24 08:52:39','2020-04-24 09:47:02',3263,'success','step'),(279,'J07','completed','2020-04-24 09:47:06','2020-04-24 09:47:58',52,'success','step'),(280,'J01','completed','2020-04-24 09:48:09','2020-04-24 11:02:08',4439,'success','step'),(281,'J07','completed','2020-04-24 12:23:21','2020-04-24 12:24:17',55,'success','step'),(282,'J01','completed','2020-04-24 12:26:20','2020-04-24 14:14:37',6496,'success','step'),(283,'J02','completed','2020-04-25 01:12:26','2020-04-25 01:19:38',431,'success','step'),(285,'J07','completed','2020-04-26 13:02:36','2020-04-26 13:03:29',52,'success','step'),(286,'J01','completed','2020-04-26 13:04:06','2020-04-26 14:37:32',5605,'success','step'),(287,'J02','completed','2020-04-27 01:42:04','2020-04-27 01:42:09',5,'success','step'),(288,'J02','completed','2020-04-27 02:57:38','2020-04-27 02:57:44',5,'success','step'),(289,'J02','completed','2020-04-27 03:02:39','2020-04-27 03:02:45',6,'success','step'),(290,'J02','completed','2020-04-27 03:19:50','2020-04-27 03:20:03',12,'success','step'),(291,'J02','completed','2020-04-27 04:11:10','2020-04-27 04:11:16',6,'success','step'),(292,'J02','completed','2020-04-27 06:35:40','2020-04-27 06:35:47',7,'success','step'),(293,'J02','completed','2020-04-27 06:49:54','2020-04-27 06:50:04',9,'success','step'),(294,'J02','completed','2020-04-27 08:39:57','2020-04-27 08:40:06',9,'success','step'),(295,'J02','completed','2020-04-27 09:36:09','2020-04-27 09:49:56',827,'success','step'),(296,'J02','completed','2020-04-27 13:03:28','2020-04-27 13:11:20',472,'success','step'),(297,'J02','completed','2020-04-27 13:28:49','2020-04-27 13:37:34',524,'success','step'),(298,'J02','completed','2020-04-27 16:59:14','2020-04-27 17:05:30',376,'success','step'),(299,'J02','completed','2020-04-27 17:11:52','2020-04-27 17:18:27',395,'success','step'),(300,'J02','completed','2020-04-27 17:22:23','2020-04-27 17:28:40',376,'success','step'),(301,'J07','completed','2020-04-28 03:23:15','2020-04-28 03:24:40',84,'success','step'),(302,'J07','completed','2020-04-28 03:30:30','2020-04-28 03:31:53',83,'success','step'),(303,'J01','completed','2020-04-28 03:45:18','2020-04-28 04:05:42',1224,'success','step'),(304,'J07','completed','2020-04-28 04:07:07','2020-04-28 04:12:53',345,'success','step'),(305,'J07','completed','2020-04-28 04:14:06','2020-04-28 04:15:08',61,'success','step'),(306,'J07','completed','2020-04-28 04:19:26','2020-04-28 04:25:03',336,'success','step'),(307,'J01','completed','2020-04-28 04:31:12','2020-04-28 04:48:42',1049,'success','step'),(308,'J02','completed','2020-04-28 04:49:49','2020-04-28 04:51:23',93,'success','step'),(309,'J03','completed','2020-04-28 04:51:49','2020-04-28 05:07:40',951,'success','step'),(310,'J04','completed','2020-04-28 05:11:46','2020-04-28 05:18:07',380,'success','step'),(311,'J05','completed','2020-04-28 05:22:25','2020-04-28 05:23:02',36,'success','step'),(312,'J01','completed','2020-04-28 05:42:02','2020-04-28 05:42:03',1,'success','step'),(313,'J01','completed','2020-04-28 05:42:02','2020-04-28 05:42:04',1,'success','step'),(314,'J07','completed','2020-04-28 07:44:25','2020-04-28 07:45:24',59,'success','step'),(315,'J01','terminated','2020-04-28 07:49:52','2020-04-28 08:16:55',1623,'success','step'),(316,'J07','completed','2020-04-28 08:30:27','2020-04-28 08:31:18',50,'success','step'),(317,'J01','completed','2020-04-28 08:41:04','2020-04-28 08:59:05',1080,'success','step'),(318,'J06','completed','2020-04-28 09:05:12','2020-04-28 09:15:44',632,'success','step'),(319,'J04','completed','2020-04-29 04:01:48','2020-04-29 04:04:38',170,'success','step'),(320,'J07','completed','2020-04-29 04:32:52','2020-04-29 04:55:28',1355,'success','step'),(321,'J01','completed','2020-04-29 05:05:04','2020-04-29 05:05:06',2,'success','step'),(322,'J04','completed','2020-04-30 01:00:08','2020-04-30 01:02:34',145,'success','step'),(323,'J04','completed','2020-04-30 01:19:00','2020-04-30 01:21:28',147,'success','step'),(324,'J04','completed','2020-04-30 02:09:52','2020-04-30 02:12:05',133,'success','step'),(325,'J04','completed','2020-04-30 02:20:23','2020-04-30 02:24:40',256,'success','step'),(326,'J04','completed','2020-04-30 07:29:58','2020-04-30 07:31:49',111,'success','step'),(327,'J04','completed','2020-04-30 07:44:02','2020-04-30 07:44:14',11,'success','step'),(328,'J04','completed','2020-04-30 07:45:49','2020-04-30 07:46:08',18,'success','step'),(329,'J04','completed','2020-04-30 07:47:46','2020-04-30 07:49:52',126,'success','step'),(330,'J03','completed','2020-05-09 15:02:38','2020-05-09 15:19:37',1018,'success','step'),(331,'J04','completed','2020-05-12 02:51:09','2020-05-12 02:58:40',451,'success','step'),(332,'J04','completed','2020-05-12 03:07:33','2020-05-12 03:17:57',624,'success','step'),(333,'J04','completed','2020-05-21 06:44:23','2020-05-21 06:46:30',126,'success','step'),(334,'J01','completed','2020-05-25 02:57:04','2020-05-25 02:57:09',5,'success','step'),(335,'J01','completed','2020-05-25 03:05:06','2020-05-25 03:05:06',0,'success','step'),(336,'J01','completed','2020-05-25 03:07:30','2020-05-25 03:07:31',0,'success','step'),(337,'J01','completed','2020-05-25 03:09:52','2020-05-25 03:09:53',0,'success','step'),(338,'J01','completed','2020-05-25 03:12:24','2020-05-25 03:12:25',0,'success','step'),(339,'J01','completed','2020-05-25 03:14:46','2020-05-25 03:14:49',3,'success','step'),(340,'J01','completed','2020-05-25 03:20:38','2020-05-25 03:20:42',3,'success','step'),(341,'J01','completed','2020-05-25 03:22:07','2020-05-25 03:22:10',2,'success','step'),(342,'J01','completed','2020-05-25 03:27:22','2020-05-25 03:27:24',2,'success','step'),(343,'J01','completed','2020-05-25 03:37:46','2020-05-25 03:44:15',388,'success','step'),(344,'J01','completed','2020-05-25 03:47:22','2020-05-25 03:47:25',3,'success','step'),(345,'J01','completed','2020-05-25 03:47:42','2020-05-25 03:47:47',5,'success','step'),(346,'J01','terminated','2020-05-25 03:49:20','2020-05-25 03:49:20',0,'success','step'),(347,'J01','terminated','2020-05-25 03:50:45','2020-05-25 03:50:45',0,'success','step'),(348,'J01','terminated','2020-05-25 04:00:43','2020-05-25 04:00:43',0,'success','step'),(349,'J01','completed','2020-05-25 04:02:31','2020-05-25 04:19:47',1036,'success','step'),(350,'J08','completed','2020-05-25 04:21:59','2020-05-25 04:22:01',2,'success','step'),(351,'J08','completed','2020-05-25 04:25:00','2020-05-25 04:25:00',-1,'success','step'),(352,'J08','completed','2020-05-25 04:26:39','2020-05-25 04:31:56',317,'success','step'),(353,'J02','completed','2020-05-25 04:33:29','2020-05-25 04:42:18',528,'success','step'),(354,'J03','terminated','2020-05-25 04:55:29','2020-05-25 04:55:29',0,'success','step'),(355,'J03','completed','2020-05-25 05:34:15','2020-05-25 05:47:57',822,'success','step'),(356,'J04','completed','2020-05-25 06:27:37','2020-05-25 06:34:43',426,'success','step'),(357,'J05','completed','2020-05-25 06:35:49','2020-05-25 06:36:33',44,'success','step'),(358,'J06','completed','2020-05-25 06:46:28','2020-05-25 06:46:28',0,'success','step'),(359,'J06','terminated','2020-05-25 06:50:53','2020-05-25 06:50:53',0,'success','step'),(360,'J02','completed','2020-05-25 06:58:03','2020-05-25 06:58:06',3,'success','step'),(361,'J08','terminated','2020-05-25 07:17:17','2020-05-25 07:17:56',39,'success','step'),(362,'J01','terminated','2020-05-25 07:22:39','2020-05-25 07:38:26',947,'success','step'),(363,'J01','completed','2020-05-25 07:26:28','2020-05-25 07:38:29',720,'success','step'),(364,'J01','completed','2020-05-25 07:40:10','2020-05-25 07:57:31',1041,'success','step'),(365,'J08','completed','2020-05-25 08:00:54','2020-05-25 08:03:20',146,'success','step'),(366,'J08','completed','2020-05-25 08:15:20','2020-05-25 08:20:42',321,'success','step'),(367,'J08','completed','2020-05-25 08:36:54','2020-05-25 08:43:27',392,'success','step'),(368,'J06','completed','2020-05-25 08:49:35','2020-05-25 09:01:19',703,'success','step'),(369,'J03','completed','2020-05-25 09:27:59','2020-05-25 09:37:40',581,'success','step'),(370,'J01','completed','2020-05-25 12:42:21','2020-05-25 13:00:11',1069,'success','pipeline'),(371,'J08','completed','2020-05-25 13:00:28','2020-05-25 13:06:18',349,'success','pipeline'),(372,'J02','completed','2020-05-25 13:06:20','2020-05-25 13:06:35',14,'success','pipeline'),(373,'J03','completed','2020-05-25 13:06:56','2020-05-25 13:16:39',583,'success','pipeline'),(374,'J04','terminated','2020-05-25 13:16:40','2020-05-25 13:38:54',1334,'success','pipeline'),(375,'J04','completed','2020-05-25 14:51:40','2020-05-25 15:00:03',502,'success','step'),(376,'J04','completed','2020-05-25 15:49:26','2020-05-25 15:57:40',493,'success','step'),(377,'J04','completed','2020-05-25 15:58:41','2020-05-25 16:07:14',513,'success','step'),(378,'J01','completed','2020-05-25 21:54:57','2020-05-25 22:12:44',1067,'success','pipeline'),(379,'J08','completed','2020-05-25 22:13:04','2020-05-25 22:23:48',643,'success','pipeline'),(380,'J02','completed','2020-05-25 22:24:00','2020-05-26 00:47:21',8600,'success','pipeline'),(381,'J03','completed','2020-05-26 00:47:45','2020-05-26 00:51:07',201,'success','pipeline'),(382,'J01','terminated','2020-05-26 00:51:57','2020-05-26 01:04:10',733,'success','step'),(383,'J04','terminated','2020-05-26 00:53:32','2020-05-26 00:59:06',333,'success','step'),(384,'J04','terminated','2020-05-26 01:06:20','2020-05-26 01:17:01',641,'success','step'),(385,'J04','terminated','2020-05-26 01:21:15','2020-05-26 01:21:29',13,'success','step'),(386,'J04','completed','2020-05-26 01:25:13','2020-05-26 01:27:58',165,'success','step'),(387,'J04','completed','2020-05-26 01:29:12','2020-05-26 01:31:34',141,'success','step'),(388,'J04','completed','2020-05-26 01:32:50','2020-05-26 01:41:02',492,'success','step'),(389,'J04','completed','2020-05-26 01:41:31','2020-05-26 01:49:38',487,'success','step'),(390,'J01','completed','2020-05-26 01:52:01','2020-05-26 02:09:51',1069,'success','step'),(391,'J08','terminated','2020-05-26 02:14:11','2020-05-26 02:16:41',150,'success','step'),(392,'J01','completed','2020-05-26 02:50:33','2020-05-26 02:50:36',3,'success','step'),(393,'J01','terminated','2020-05-26 02:55:20','2020-05-26 02:55:20',0,'success','step'),(394,'J01','terminated','2020-05-26 02:57:38','2020-05-26 03:12:52',913,'success','step'),(395,'J01','completed','2020-05-26 03:33:12','2020-05-26 03:50:35',1042,'success','step'),(396,'J08','completed','2020-05-26 03:51:39','2020-05-26 03:56:51',311,'success','step'),(397,'J02','terminated','2020-05-26 05:43:24','2020-05-26 05:47:32',247,'success','step'),(398,'J02','terminated','2020-05-26 05:47:55','2020-05-26 05:50:08',132,'success','step'),(399,'J02','terminated','2020-05-26 05:53:28','2020-05-26 05:53:34',5,'success','step'),(400,'J02','completed','2020-05-26 06:47:59','2020-05-26 06:53:53',353,'success','step'),(401,'J02','completed','2020-05-26 06:54:26','2020-05-26 07:01:54',447,'success','step'),(402,'J02','completed','2020-05-26 07:05:05','2020-05-26 07:13:15',490,'success','step'),(403,'J02','completed','2020-05-26 07:13:48','2020-05-26 07:21:41',472,'success','step'),(404,'J01','completed','2020-05-26 07:44:16','2020-05-26 08:01:27',1030,'success','step'),(405,'J08','completed','2020-05-26 08:07:55','2020-05-26 08:15:29',454,'success','step'),(406,'J02','completed','2020-05-26 08:16:15','2020-05-26 08:21:39',323,'success','step'),(407,'J03','completed','2020-05-26 08:23:32','2020-05-26 08:34:44',672,'success','step'),(408,'J03','completed','2020-05-26 08:38:04','2020-05-26 08:42:04',240,'success','step'),(409,'J03','completed','2020-05-26 08:43:39','2020-05-26 08:52:00',500,'success','step'),(410,'J04','completed','2020-05-26 08:53:12','2020-05-26 09:00:54',462,'success','step'),(411,'J05','completed','2020-05-26 09:01:23','2020-05-26 09:02:17',53,'success','step'),(412,'J04','terminated','2020-05-26 09:29:41','2020-05-26 09:31:13',91,'success','step'),(413,'J04','completed','2020-05-26 09:34:18','2020-05-26 09:38:16',237,'success','step'),(414,'J04','completed','2020-05-26 09:34:22','2020-05-26 09:38:13',230,'success','step'),(415,'J01','completed','2020-05-26 09:43:03','2020-05-26 10:00:44',1060,'success','pipeline'),(416,'J08','completed','2020-05-26 10:01:03','2020-05-26 10:07:15',371,'success','pipeline'),(417,'J02','completed','2020-05-26 10:08:47','2020-05-26 10:08:57',9,'success','pipeline'),(418,'J03','completed','2020-05-26 10:09:51','2020-05-26 10:18:10',499,'success','pipeline'),(419,'J04','completed','2020-05-26 10:18:52','2020-05-26 10:22:50',237,'success','pipeline'),(420,'J05','completed','2020-05-26 10:22:50','2020-05-26 10:23:40',50,'success','pipeline'),(421,'J07','completed','2020-05-26 10:23:40','2020-05-26 10:36:01',741,'success','pipeline'),(422,'J01','terminated','2020-05-26 12:30:56','2020-05-26 12:31:41',44,'success','pipeline'),(423,'J07','completed','2020-05-26 12:32:06','2020-05-26 12:32:07',1,'success','step'),(424,'J07','completed','2020-05-26 12:35:28','2020-05-26 12:35:29',1,'success','step'),(425,'J07','terminated','2020-05-26 12:48:23','2020-05-26 12:48:23',0,'success','step'),(426,'J07','completed','2020-05-26 13:00:34','2020-05-26 13:00:35',0,'success','step'),(427,'J01','completed','2020-05-26 13:01:23','2020-05-26 13:20:35',1152,'success','pipeline'),(428,'J08','completed','2020-05-26 13:20:36','2020-05-26 13:22:01',85,'success','pipeline'),(429,'J01','completed','2020-05-26 14:29:29','2020-05-26 14:48:43',1154,'success','pipeline'),(430,'J08','completed','2020-05-26 14:48:43','2020-05-26 14:56:46',483,'success','pipeline'),(431,'J02','completed','2020-05-26 14:57:06','2020-05-26 15:06:02',535,'success','pipeline'),(432,'J03','completed','2020-05-26 15:06:14','2020-05-26 15:16:17',603,'success','pipeline'),(433,'J04','completed','2020-05-26 15:16:18','2020-05-26 15:20:09',231,'success','pipeline'),(434,'J05','completed','2020-05-26 15:20:10','2020-05-26 15:21:01',50,'success','pipeline'),(435,'J06','completed','2020-05-26 15:21:01','2020-05-26 15:38:30',1049,'success','pipeline'),(436,'J07','completed','2020-05-26 15:38:30','2020-05-26 15:44:48',378,'success','pipeline'),(437,'J01','completed','2020-05-26 16:36:12','2020-05-26 16:56:48',1235,'success','pipeline'),(438,'J08','completed','2020-05-26 16:56:48','2020-05-26 17:02:29',340,'success','pipeline'),(439,'J02','completed','2020-05-26 17:02:49','2020-05-26 17:08:02',313,'success','pipeline'),(440,'J03','completed','2020-05-26 17:08:15','2020-05-26 17:17:13',537,'success','pipeline'),(441,'J04','completed','2020-05-26 17:17:13','2020-05-26 17:21:12',238,'success','pipeline'),(442,'J05','completed','2020-05-26 17:21:12','2020-05-26 17:22:04',52,'success','pipeline'),(443,'J06','completed','2020-05-26 17:22:05','2020-05-26 17:44:06',1320,'success','pipeline'),(444,'J07','completed','2020-05-26 17:44:06','2020-05-26 18:02:27',1101,'success','pipeline'),(445,'J01','completed','2020-05-26 18:02:31','2020-05-26 18:20:13',1062,'success','pipeline'),(446,'J08','completed','2020-05-26 18:20:14','2020-05-26 18:25:52',337,'success','pipeline'),(447,'J02','completed','2020-05-26 18:26:12','2020-05-26 21:49:32',12200,'success','pipeline'),(448,'J03','completed','2020-05-26 21:49:44','2020-05-26 21:53:12',208,'success','pipeline'),(449,'J01','completed','2020-05-26 22:04:54','2020-05-26 22:22:24',1049,'success','pipeline'),(450,'J08','completed','2020-05-26 22:22:24','2020-05-26 22:27:34',309,'success','pipeline'),(451,'J02','completed','2020-05-26 22:27:54','2020-05-26 22:33:12',318,'success','pipeline'),(452,'J03','completed','2020-05-26 22:33:24','2020-05-26 22:41:33',488,'success','pipeline'),(453,'J04','completed','2020-05-26 22:41:33','2020-05-26 22:45:29',236,'success','pipeline'),(454,'J05','completed','2020-05-26 22:45:31','2020-05-26 22:46:23',52,'success','pipeline'),(455,'J06','completed','2020-05-26 22:46:23','2020-05-26 23:04:36',1092,'success','pipeline'),(456,'J07','completed','2020-05-26 23:04:41','2020-05-26 23:12:10',449,'success','pipeline'),(457,'J01','completed','2020-05-26 23:12:15','2020-05-26 23:29:45',1049,'success','pipeline'),(458,'J08','completed','2020-05-26 23:29:45','2020-05-26 23:35:08',323,'success','pipeline'),(459,'J02','completed','2020-05-26 23:35:28','2020-05-26 23:41:20',352,'success','pipeline'),(460,'J03','completed','2020-05-26 23:41:33','2020-05-26 23:49:50',497,'success','pipeline'),(461,'J04','completed','2020-05-26 23:49:51','2020-05-26 23:53:49',237,'success','pipeline'),(462,'J05','completed','2020-05-26 23:53:49','2020-05-26 23:54:42',52,'success','pipeline'),(463,'J06','completed','2020-05-26 23:54:42','2020-05-27 00:13:02',1100,'success','pipeline'),(464,'J07','completed','2020-05-27 00:13:02','2020-05-27 00:20:04',422,'success','pipeline'),(465,'J01','completed','2020-05-27 00:20:08','2020-05-27 00:37:58',1070,'success','pipeline'),(466,'J08','completed','2020-05-27 00:37:59','2020-05-27 00:41:51',231,'success','pipeline'),(467,'J02','completed','2020-05-27 00:42:11','2020-05-27 00:42:49',38,'success','pipeline'),(468,'J03','completed','2020-05-27 00:43:02','2020-05-27 00:51:32',509,'success','pipeline'),(469,'J04','completed','2020-05-27 00:51:32','2020-05-27 00:55:29',237,'success','pipeline'),(470,'J05','completed','2020-05-27 00:55:31','2020-05-27 00:58:02',150,'success','pipeline'),(471,'J06','completed','2020-05-27 00:58:02','2020-05-27 01:15:48',1065,'success','pipeline'),(472,'J07','completed','2020-05-27 01:15:48','2020-05-27 01:23:45',476,'success','pipeline'),(473,'J01','completed','2020-05-27 01:23:49','2020-05-27 01:27:05',195,'success','pipeline'),(474,'J01','completed','2020-05-27 04:08:23','2020-05-27 04:25:33',1030,'success','step'),(475,'J08','completed','2020-05-27 04:28:41','2020-05-27 04:34:26',344,'success','step'),(476,'J02','terminated','2020-05-27 04:38:09','2020-05-27 04:54:51',1001,'success','step'),(477,'J01','completed','2020-05-27 04:55:08','2020-05-27 05:14:03',1135,'success','pipeline'),(478,'J08','completed','2020-05-27 05:14:03','2020-05-27 05:16:32',149,'success','pipeline'),(479,'J02','terminated','2020-05-27 05:16:52','2020-05-27 05:35:55',1143,'success','pipeline'),(480,'J01','completed','2020-05-27 05:47:04','2020-05-27 06:04:34',1049,'success','pipeline'),(481,'J08','completed','2020-05-27 06:04:34','2020-05-27 06:15:04',629,'success','pipeline'),(482,'J02','terminated','2020-05-27 06:15:24','2020-05-27 06:19:20',236,'success','pipeline'),(483,'J01','completed','2020-05-27 09:44:52','2020-05-27 10:03:08',1096,'success','pipeline'),(484,'J08','completed','2020-05-27 10:03:09','2020-05-27 10:09:11',362,'success','pipeline'),(485,'J02','completed','2020-05-27 10:09:31','2020-05-27 10:14:45',313,'success','pipeline'),(486,'J03','completed','2020-05-27 10:14:58','2020-05-27 10:24:07',548,'success','pipeline'),(487,'J04','completed','2020-05-27 10:24:07','2020-05-27 10:28:03',235,'success','pipeline'),(488,'J05','completed','2020-05-27 10:28:03','2020-05-27 10:28:58',54,'success','pipeline'),(489,'J06','completed','2020-05-27 10:28:58','2020-05-27 10:47:50',1131,'success','pipeline'),(490,'J07','completed','2020-05-27 10:47:50','2020-05-27 10:55:54',483,'success','pipeline'),(491,'J01','terminated','2020-05-27 10:55:58','2020-05-27 10:58:52',173,'success','pipeline'),(492,'J01','completed','2020-05-27 12:51:25','2020-05-27 13:09:21',1075,'success','pipeline'),(493,'J08','completed','2020-05-27 13:09:21','2020-05-27 13:15:08',346,'success','pipeline'),(494,'J02','terminated','2020-05-27 13:15:28','2020-05-27 14:35:37',4808,'success','pipeline'),(495,'J01','completed','2020-05-27 16:04:23','2020-05-27 16:22:04',1060,'success','pipeline'),(496,'J08','completed','2020-05-27 16:22:04','2020-05-27 16:26:14',250,'success','pipeline'),(497,'J02','completed','2020-05-27 16:26:34','2020-05-27 16:29:01',147,'success','pipeline'),(498,'J03','completed','2020-05-27 16:29:14','2020-05-27 16:38:06',532,'success','pipeline'),(499,'J04','completed','2020-05-27 16:38:07','2020-05-27 16:42:03',236,'success','pipeline'),(500,'J05','completed','2020-05-27 16:42:05','2020-05-27 16:42:55',50,'success','pipeline'),(501,'J06','completed','2020-05-27 16:42:55','2020-05-27 17:01:01',1085,'success','pipeline'),(502,'J07','completed','2020-05-27 17:01:01','2020-05-27 17:09:53',531,'success','pipeline'),(503,'J01','completed','2020-05-27 17:09:57','2020-05-27 17:27:57',1080,'success','pipeline'),(504,'J08','completed','2020-05-27 17:27:57','2020-05-27 17:35:01',423,'success','pipeline'),(505,'J02','completed','2020-05-27 17:35:21','2020-05-27 17:39:02',220,'success','pipeline'),(506,'J03','completed','2020-05-27 17:39:14','2020-05-27 17:48:34',560,'success','pipeline'),(507,'J04','completed','2020-05-27 17:48:35','2020-05-27 17:52:34',238,'success','pipeline'),(508,'J05','completed','2020-05-27 17:52:35','2020-05-27 17:53:28',52,'success','pipeline'),(509,'J06','completed','2020-05-27 17:53:28','2020-05-27 18:12:09',1121,'success','pipeline'),(510,'J07','completed','2020-05-27 18:12:09','2020-05-27 18:22:57',648,'success','pipeline'),(511,'J01','completed','2020-05-27 18:23:01','2020-05-27 18:40:39',1057,'success','pipeline'),(512,'J08','completed','2020-05-27 18:40:39','2020-05-27 19:37:17',3397,'success','pipeline'),(513,'J02','completed','2020-05-27 19:37:37','2020-05-27 19:37:42',5,'success','pipeline'),(514,'J03','completed','2020-05-27 19:37:55','2020-05-27 19:46:48',533,'success','pipeline'),(515,'J04','completed','2020-05-27 19:46:49','2020-05-27 19:50:43',233,'success','pipeline'),(516,'J05','completed','2020-05-27 19:50:44','2020-05-27 19:51:34',50,'success','pipeline'),(517,'J06','completed','2020-05-27 19:51:34','2020-05-27 20:10:29',1134,'success','pipeline'),(518,'J07','completed','2020-05-27 20:10:29','2020-05-27 20:19:20',530,'success','pipeline'),(519,'J01','completed','2020-05-27 20:19:24','2020-05-27 20:37:14',1070,'success','pipeline'),(520,'J08','completed','2020-05-27 20:37:14','2020-05-27 20:57:06',1192,'success','pipeline'),(521,'J02','completed','2020-05-27 20:57:26','2020-05-27 20:57:37',10,'success','pipeline'),(522,'J03','completed','2020-05-27 20:57:49','2020-05-27 21:07:56',607,'success','pipeline'),(523,'J04','completed','2020-05-27 21:07:57','2020-05-27 21:11:52',235,'success','pipeline'),(524,'J05','completed','2020-05-27 21:11:53','2020-05-27 21:12:48',55,'success','pipeline'),(525,'J06','completed','2020-05-27 21:12:48','2020-05-27 21:31:31',1123,'success','pipeline'),(526,'J07','completed','2020-05-27 21:31:31','2020-05-27 21:45:17',825,'success','pipeline'),(527,'J01','completed','2020-05-27 21:45:21','2020-05-27 22:02:58',1057,'success','pipeline'),(528,'J08','completed','2020-05-27 22:02:59','2020-05-27 22:22:59',1200,'success','pipeline'),(529,'J02','completed','2020-05-27 22:23:19','2020-05-27 22:23:27',7,'success','pipeline'),(530,'J03','completed','2020-05-27 22:23:40','2020-05-27 22:34:58',678,'success','pipeline'),(531,'J04','terminated','2020-05-27 22:34:59','2020-05-27 22:38:13',194,'success','pipeline'),(532,'J01','terminated','2020-05-28 01:24:38','2020-05-28 01:32:20',461,'success','pipeline'),(533,'J07','completed','2020-05-28 01:56:17','2020-05-28 02:04:22',485,'success','step'),(534,'J01','completed','2020-05-28 02:08:19','2020-05-28 02:25:55',1055,'success','step'),(535,'J08','completed','2020-05-28 02:26:25','2020-05-28 02:32:10',344,'success','step'),(536,'J02','terminated','2020-05-28 02:33:34','2020-05-28 02:46:41',786,'success','step'),(537,'J02','completed','2020-05-28 02:51:49','2020-05-28 02:56:42',292,'success','step'),(538,'J03','completed','2020-05-28 03:24:08','2020-05-28 03:30:15',366,'success','step'),(539,'J07','completed','2020-05-28 03:40:29','2020-05-28 03:48:50',501,'success','step'),(540,'J01','completed','2020-05-28 03:53:31','2020-05-28 04:15:40',1328,'success','pipeline'),(541,'J08','completed','2020-05-28 04:15:40','2020-05-28 04:21:34',353,'success','pipeline'),(542,'J02','terminated','2020-05-28 04:21:54','2020-05-28 04:31:35',580,'success','pipeline'),(543,'J07','completed','2020-05-28 04:31:52','2020-05-28 04:40:17',504,'success','step'),(544,'J02','completed','2020-05-28 05:03:21','2020-05-28 05:03:28',7,'success','step'),(545,'J07','completed','2020-05-28 05:08:41','2020-05-28 05:16:55',494,'success','step'),(546,'J01','completed','2020-05-28 05:17:13','2020-05-28 05:35:00',1066,'success','pipeline'),(547,'J08','completed','2020-05-28 05:35:32','2020-05-28 05:41:17',344,'success','pipeline'),(548,'J02','completed','2020-05-28 05:50:54','2020-05-28 05:55:19',265,'success','pipeline'),(549,'J03','terminated','2020-05-28 05:55:32','2020-05-28 05:57:07',95,'success','pipeline'),(550,'J07','completed','2020-05-28 06:04:51','2020-05-28 06:13:19',507,'success','step'),(551,'J01','completed','2020-05-28 06:15:21','2020-05-28 06:33:28',1086,'success','step'),(552,'J06','completed','2020-05-28 06:40:32','2020-05-28 06:49:43',550,'success','step'),(553,'J08','completed','2020-05-28 06:55:49','2020-05-28 07:02:16',387,'success','step'),(554,'J07','completed','2020-05-28 08:39:10','2020-05-28 08:40:59',108,'success','step'),(555,'J07','completed','2020-05-28 08:48:33','2020-05-28 08:51:42',188,'success','step'),(556,'J07','completed','2020-05-28 08:56:37','2020-05-28 08:58:30',112,'success','step'),(557,'J07','completed','2020-05-28 09:01:16','2020-05-28 09:04:37',200,'success','step'),(558,'J07','completed','2020-05-28 09:10:41','2020-05-28 09:17:36',415,'success','step'),(559,'J01','terminated','2020-05-28 09:25:53','2020-05-28 09:33:11',437,'success','pipeline'),(560,'J01','completed','2020-05-28 09:40:49','2020-05-28 10:10:45',1796,'success','pipeline'),(561,'J08','completed','2020-05-28 10:12:23','2020-05-28 10:18:30',367,'success','pipeline'),(562,'J02','completed','2020-05-28 10:21:52','2020-05-28 10:26:18',265,'success','pipeline'),(563,'J03','completed','2020-05-28 10:26:29','2020-05-28 10:35:29',539,'success','pipeline'),(564,'J04','completed','2020-05-28 10:35:29','2020-05-28 10:39:28',238,'success','pipeline'),(565,'J05','completed','2020-05-28 10:39:28','2020-05-28 10:40:21',52,'success','pipeline'),(566,'J06','completed','2020-05-28 10:40:21','2020-05-28 11:06:02',1540,'success','pipeline'),(567,'J07','completed','2020-05-28 11:06:02','2020-05-28 11:14:51',529,'success','pipeline'),(568,'J01','completed','2020-05-28 11:14:55','2020-05-28 11:32:51',1076,'success','pipeline'),(569,'J08','completed','2020-05-28 11:34:36','2020-05-28 11:40:39',362,'success','pipeline'),(570,'J02','completed','2020-05-28 11:44:01','2020-05-28 11:48:47',285,'success','pipeline'),(571,'J03','completed','2020-05-28 11:48:58','2020-05-28 11:58:04',545,'success','pipeline'),(572,'J04','completed','2020-05-28 11:58:04','2020-05-28 12:02:00',235,'success','pipeline'),(573,'J05','completed','2020-05-28 12:02:00','2020-05-28 12:02:51',50,'success','pipeline'),(574,'J06','completed','2020-05-28 12:02:51','2020-05-28 12:14:18',686,'success','pipeline'),(575,'J07','completed','2020-05-28 12:14:18','2020-05-28 12:26:54',755,'success','pipeline'),(576,'J01','completed','2020-05-28 12:26:58','2020-05-28 12:44:37',1058,'success','pipeline'),(577,'J08','completed','2020-05-28 12:47:49','2020-05-28 12:53:46',356,'success','pipeline'),(578,'J02','completed','2020-05-28 12:57:19','2020-05-28 13:09:23',724,'success','pipeline'),(579,'J03','terminated','2020-05-28 13:09:35','2020-05-28 13:09:48',12,'success','pipeline'),(580,'J07','completed','2020-05-28 13:29:56','2020-05-28 13:37:53',476,'success','step'),(581,'J01','completed','2020-05-28 13:38:34','2020-05-28 13:55:53',1039,'success','pipeline'),(582,'J08','completed','2020-05-28 13:56:06','2020-05-28 14:01:56',349,'success','pipeline'),(583,'J02','completed','2020-05-28 14:05:30','2020-05-28 14:10:51',321,'success','pipeline'),(584,'J03','completed','2020-05-28 14:11:03','2020-05-28 14:19:27',503,'success','pipeline'),(585,'J04','completed','2020-05-28 14:19:27','2020-05-28 14:23:28',240,'success','pipeline'),(586,'J05','completed','2020-05-28 14:23:28','2020-05-28 14:24:16',48,'success','pipeline'),(587,'J06','completed','2020-05-28 14:24:16','2020-05-28 14:35:09',653,'success','pipeline'),(588,'J07','completed','2020-05-28 14:35:09','2020-05-28 14:44:13',543,'success','pipeline'),(589,'J01','completed','2020-05-28 14:44:17','2020-05-28 15:01:43',1046,'success','pipeline'),(590,'J08','completed','2020-05-28 15:04:55','2020-05-28 15:10:45',350,'success','pipeline'),(591,'J02','completed','2020-05-28 15:14:07','2020-05-28 15:21:28',441,'success','pipeline'),(592,'J03','completed','2020-05-28 15:21:40','2020-05-28 15:30:04',504,'success','pipeline'),(593,'J04','completed','2020-05-28 15:30:05','2020-05-28 15:34:01',235,'success','pipeline'),(594,'J05','completed','2020-05-28 15:34:01','2020-05-28 15:34:54',52,'success','pipeline'),(595,'J06','completed','2020-05-28 15:34:54','2020-05-28 15:45:43',648,'success','pipeline'),(596,'J07','completed','2020-05-28 15:45:43','2020-05-28 15:54:48',545,'success','pipeline'),(597,'J01','completed','2020-05-28 15:54:52','2020-05-28 16:12:34',1061,'success','pipeline'),(598,'J08','completed','2020-05-28 16:15:49','2020-05-28 16:21:41',352,'success','pipeline'),(599,'J02','completed','2020-05-28 16:25:15','2020-05-28 16:29:49',273,'success','pipeline'),(600,'J03','completed','2020-05-28 16:30:00','2020-05-28 16:38:37',516,'success','pipeline'),(601,'J04','completed','2020-05-28 16:38:37','2020-05-28 16:42:37',239,'success','pipeline'),(602,'J05','completed','2020-05-28 16:42:37','2020-05-28 16:43:25',48,'success','pipeline'),(603,'J06','completed','2020-05-28 16:43:25','2020-05-28 16:54:35',669,'success','pipeline'),(604,'J07','completed','2020-05-28 16:54:35','2020-05-28 17:03:41',545,'success','pipeline'),(605,'J01','completed','2020-05-28 17:03:45','2020-05-28 17:21:07',1042,'success','pipeline'),(606,'J08','completed','2020-05-28 17:22:51','2020-05-28 17:28:43',352,'success','pipeline'),(607,'J02','completed','2020-05-28 17:32:05','2020-05-28 17:36:54',288,'success','pipeline'),(608,'J03','completed','2020-05-28 17:37:05','2020-05-28 17:45:28',502,'success','pipeline'),(609,'J04','completed','2020-05-28 17:45:28','2020-05-28 17:49:25',236,'success','pipeline'),(610,'J05','completed','2020-05-28 17:49:25','2020-05-28 17:50:14',48,'success','pipeline'),(611,'J06','completed','2020-05-28 17:50:14','2020-05-28 18:01:27',673,'success','pipeline'),(612,'J07','completed','2020-05-28 18:01:27','2020-05-28 18:10:08',521,'success','pipeline'),(613,'J01','completed','2020-05-28 18:10:12','2020-05-28 18:27:31',1039,'success','pipeline'),(614,'J08','completed','2020-05-28 18:30:45','2020-05-28 18:36:39',354,'success','pipeline'),(615,'J02','completed','2020-05-28 18:40:13','2020-05-28 18:44:49',276,'success','pipeline'),(616,'J03','completed','2020-05-28 18:45:01','2020-05-28 18:53:49',527,'success','pipeline'),(617,'J04','completed','2020-05-28 18:53:49','2020-05-28 18:57:46',236,'success','pipeline'),(618,'J05','completed','2020-05-28 18:57:46','2020-05-28 18:58:37',50,'success','pipeline'),(619,'J06','completed','2020-05-28 18:58:37','2020-05-28 19:10:49',731,'success','pipeline'),(620,'J07','completed','2020-05-28 19:10:49','2020-05-28 19:19:46',537,'success','pipeline'),(621,'J01','completed','2020-05-28 19:19:50','2020-05-28 19:44:03',1452,'success','pipeline'),(622,'J08','completed','2020-05-28 19:45:41','2020-05-28 19:52:00',378,'success','pipeline'),(623,'J02','completed','2020-05-28 19:55:32','2020-05-28 20:00:25',293,'success','pipeline'),(624,'J03','completed','2020-05-28 20:00:37','2020-05-28 20:09:48',550,'success','pipeline'),(625,'J04','completed','2020-05-28 20:09:48','2020-05-28 20:13:49',240,'success','pipeline'),(626,'J05','completed','2020-05-28 20:13:49','2020-05-28 20:14:42',52,'success','pipeline'),(627,'J06','completed','2020-05-28 20:14:42','2020-05-28 20:33:09',1107,'success','pipeline'),(628,'J07','completed','2020-05-28 20:33:09','2020-05-28 20:42:35',566,'success','pipeline'),(629,'J01','completed','2020-05-28 20:42:39','2020-05-28 21:00:06',1046,'success','pipeline'),(630,'J08','completed','2020-05-28 21:03:14','2020-05-28 21:09:00',345,'success','pipeline'),(631,'J02','completed','2020-05-28 21:12:22','2020-05-28 21:17:16',293,'success','pipeline'),(632,'J03','completed','2020-05-28 21:17:27','2020-05-28 21:26:14',526,'success','pipeline'),(633,'J04','completed','2020-05-28 21:26:14','2020-05-28 21:30:09',234,'success','pipeline'),(634,'J05','completed','2020-05-28 21:30:09','2020-05-28 21:30:58',48,'success','pipeline'),(635,'J06','completed','2020-05-28 21:30:58','2020-05-28 21:42:38',699,'success','pipeline'),(636,'J07','completed','2020-05-28 21:42:38','2020-05-28 21:51:37',539,'success','pipeline'),(637,'J01','completed','2020-05-28 21:51:41','2020-05-28 22:09:02',1040,'success','pipeline'),(638,'J08','completed','2020-05-28 22:12:10','2020-05-28 22:17:58',347,'success','pipeline'),(639,'J02','completed','2020-05-28 22:21:20','2020-05-28 22:25:48',268,'success','pipeline'),(640,'J03','completed','2020-05-28 22:26:00','2020-05-28 22:34:49',529,'success','pipeline'),(641,'J04','completed','2020-05-28 22:34:50','2020-05-28 22:38:46',235,'success','pipeline'),(642,'J05','completed','2020-05-28 22:38:46','2020-05-28 22:39:36',50,'success','pipeline'),(643,'J06','completed','2020-05-28 22:39:36','2020-05-28 22:51:35',718,'success','pipeline'),(644,'J07','completed','2020-05-28 22:51:35','2020-05-28 22:59:49',494,'success','pipeline'),(645,'J01','completed','2020-05-28 22:59:53','2020-05-28 23:17:22',1049,'success','pipeline'),(646,'J08','completed','2020-05-28 23:19:01','2020-05-28 23:24:51',350,'success','pipeline'),(647,'J02','completed','2020-05-28 23:28:27','2020-05-28 23:32:58',271,'success','pipeline'),(648,'J03','completed','2020-05-28 23:33:10','2020-05-28 23:41:24',494,'success','pipeline'),(649,'J04','completed','2020-05-28 23:41:25','2020-05-28 23:45:23',238,'success','pipeline'),(650,'J05','completed','2020-05-28 23:45:23','2020-05-28 23:46:09',46,'success','pipeline'),(651,'J06','completed','2020-05-28 23:46:10','2020-05-28 23:58:04',713,'success','pipeline'),(652,'J07','completed','2020-05-28 23:58:04','2020-05-29 00:06:00',476,'success','pipeline'),(653,'J01','completed','2020-05-29 00:06:04','2020-05-29 00:23:43',1058,'success','pipeline'),(654,'J08','completed','2020-05-29 00:26:58','2020-05-29 00:32:56',358,'success','pipeline'),(655,'J02','completed','2020-05-29 00:36:30','2020-05-29 00:41:11',280,'success','pipeline'),(656,'J03','completed','2020-05-29 00:41:22','2020-05-29 00:50:01',518,'success','pipeline'),(657,'J04','completed','2020-05-29 00:50:01','2020-05-29 00:53:58',237,'success','pipeline'),(658,'J05','completed','2020-05-29 00:53:59','2020-05-29 00:54:49',50,'success','pipeline'),(659,'J06','completed','2020-05-29 00:54:49','2020-05-29 01:06:48',718,'success','pipeline'),(660,'J07','completed','2020-05-29 01:06:48','2020-05-29 01:14:54',486,'success','pipeline'),(661,'J01','completed','2020-05-29 01:14:58','2020-05-29 01:54:39',2380,'success','pipeline'),(662,'J08','completed','2020-05-29 01:57:53','2020-05-29 02:03:40',347,'success','pipeline'),(663,'J02','completed','2020-05-29 02:07:13','2020-05-29 02:12:04',290,'success','pipeline'),(664,'J03','completed','2020-05-29 02:12:16','2020-05-29 02:21:50',574,'success','pipeline'),(665,'J04','completed','2020-05-29 02:21:51','2020-05-29 02:28:35',404,'success','pipeline'),(666,'J05','completed','2020-05-29 02:28:35','2020-05-29 02:29:26',50,'success','pipeline'),(667,'J06','completed','2020-05-29 02:29:26','2020-05-29 02:51:29',1323,'success','pipeline'),(668,'J07','completed','2020-05-29 02:51:29','2020-05-29 03:00:06',517,'success','pipeline'),(669,'J01','terminated','2020-05-29 03:00:10','2020-05-29 03:15:49',938,'success','pipeline'),(670,'J07','completed','2020-05-29 03:38:27','2020-05-29 03:46:19',472,'success','step'),(671,'J01','completed','2020-05-29 03:48:57','2020-05-29 04:07:05',1088,'success','pipeline'),(672,'J08','completed','2020-05-29 04:10:15','2020-05-29 04:11:16',61,'success','pipeline'),(673,'J02','completed','2020-05-29 04:12:49','2020-05-29 04:12:57',8,'success','step'),(674,'J08','completed','2020-05-29 04:23:22','2020-05-29 04:27:26',243,'success','step'),(675,'J07','completed','2020-05-29 04:34:41','2020-05-29 04:39:59',318,'success','step'),(676,'J01','completed','2020-05-29 05:41:32','2020-05-29 05:59:34',1082,'success','pipeline'),(677,'J08','completed','2020-05-29 06:00:32','2020-05-29 06:06:18',345,'success','pipeline'),(678,'J02','completed','2020-05-29 06:07:36','2020-05-29 06:12:35',298,'success','pipeline'),(679,'J03','completed','2020-05-29 06:12:46','2020-05-29 06:22:00',554,'success','pipeline'),(680,'J04','completed','2020-05-29 06:22:01','2020-05-29 06:25:52',231,'success','pipeline'),(681,'J05','completed','2020-05-29 06:25:53','2020-05-29 06:26:41',48,'success','pipeline'),(682,'J06','completed','2020-05-29 06:26:41','2020-05-29 06:48:36',1315,'success','pipeline'),(683,'J07','','2020-05-29 06:26:43','2020-05-29 06:26:43',0,'success','pipeline'),(684,'J07','terminated','2020-05-29 06:44:56','2020-05-29 06:44:56',0,'success','pipeline'),(685,'J07','completed','2020-05-29 06:51:11','2020-05-29 06:57:14',363,'success','step'),(686,'J01','completed','2020-05-29 07:01:46','2020-05-29 07:19:11',1045,'success','pipeline'),(687,'J08','completed','2020-05-29 07:19:43','2020-05-29 07:23:50',246,'success','pipeline'),(688,'J02','terminated','2020-05-29 07:24:21','2020-05-29 07:26:37',136,'success','pipeline'),(689,'J07','completed','2020-05-29 07:51:17','2020-05-29 07:57:42',384,'success','step'),(690,'J01','terminated','2020-05-29 08:01:11','2020-05-29 08:05:14',243,'success','pipeline'),(691,'J01','completed','2020-05-29 08:06:10','2020-05-29 08:24:02',1071,'success','pipeline'),(692,'J08','completed','2020-05-29 08:24:02','2020-05-29 08:29:52',350,'success','pipeline'),(693,'J02','completed','2020-05-29 08:30:12','2020-05-29 08:34:56',284,'success','pipeline'),(694,'J03','completed','2020-05-29 08:35:08','2020-05-29 08:44:09',541,'success','pipeline'),(695,'J04','completed','2020-05-29 08:44:10','2020-05-29 08:48:07',237,'success','pipeline'),(696,'J05','completed','2020-05-29 08:48:07','2020-05-29 08:48:58',50,'success','pipeline'),(697,'J06','completed','2020-05-29 08:48:58','2020-05-29 09:03:03',845,'success','pipeline'),(698,'J07','completed','2020-05-29 09:03:03','2020-05-29 09:09:21',378,'success','pipeline'),(699,'J01','completed','2020-05-29 09:09:25','2020-05-29 09:27:15',1070,'success','pipeline'),(700,'J08','completed','2020-05-29 09:27:15','2020-05-29 09:33:10',354,'success','pipeline'),(701,'J02','completed','2020-05-29 09:33:30','2020-05-29 09:36:06',156,'success','pipeline'),(702,'J03','completed','2020-05-29 09:36:18','2020-05-29 09:45:04',525,'success','pipeline'),(703,'J04','completed','2020-05-29 09:45:04','2020-05-29 09:48:59',234,'success','pipeline'),(704,'J05','completed','2020-05-29 09:48:59','2020-05-29 09:49:47',48,'success','pipeline'),(705,'J06','completed','2020-05-29 09:49:48','2020-05-29 10:01:59',730,'success','pipeline'),(706,'J07','completed','2020-05-29 10:01:59','2020-05-29 10:09:49',469,'success','pipeline'),(707,'J01','completed','2020-05-29 10:09:53','2020-05-29 10:58:34',2921,'success','pipeline'),(708,'J08','completed','2020-05-29 10:58:35','2020-05-29 11:04:05',329,'success','pipeline'),(709,'J02','completed','2020-05-29 11:04:25','2020-05-29 11:09:04',278,'success','pipeline'),(710,'J03','completed','2020-05-29 11:09:15','2020-05-29 11:19:23',607,'success','pipeline'),(711,'J04','completed','2020-05-29 11:19:23','2020-05-29 11:23:19',236,'success','pipeline'),(712,'J05','completed','2020-05-29 11:23:20','2020-05-29 11:24:08',47,'success','pipeline'),(713,'J06','completed','2020-05-29 11:24:08','2020-05-29 11:43:03',1135,'success','pipeline'),(714,'J07','completed','2020-05-29 11:43:03','2020-05-29 11:49:09',366,'success','pipeline'),(715,'J01','completed','2020-05-29 11:49:13','2020-05-29 12:07:02',1069,'success','pipeline'),(716,'J08','completed','2020-05-29 12:07:03','2020-05-29 12:12:59',356,'success','pipeline'),(717,'J02','completed','2020-05-29 12:13:19','2020-05-29 12:17:45',265,'success','pipeline'),(718,'J03','completed','2020-05-29 12:17:57','2020-05-29 12:27:17',559,'success','pipeline'),(719,'J04','completed','2020-05-29 12:27:17','2020-05-29 12:31:14',237,'success','pipeline'),(720,'J05','completed','2020-05-29 12:31:14','2020-05-29 12:32:05',51,'success','pipeline'),(721,'J06','completed','2020-05-29 12:32:05','2020-05-29 12:43:56',710,'success','pipeline'),(722,'J07','completed','2020-05-29 12:43:56','2020-05-29 12:50:35',398,'success','pipeline'),(723,'J01','completed','2020-05-29 12:50:39','2020-05-29 13:08:08',1049,'success','pipeline'),(724,'J08','completed','2020-05-29 13:08:09','2020-05-29 13:13:54',345,'success','pipeline'),(725,'J02','completed','2020-05-29 13:14:14','2020-05-29 13:19:54',339,'success','pipeline'),(726,'J03','completed','2020-05-29 13:20:05','2020-05-29 13:29:05',539,'success','pipeline'),(727,'J04','completed','2020-05-29 13:29:05','2020-05-29 13:33:04',239,'success','pipeline'),(728,'J05','completed','2020-05-29 13:33:04','2020-05-29 13:33:55',51,'success','pipeline'),(729,'J06','terminated','2020-05-29 13:33:55','2020-05-29 13:33:55',0,'success','pipeline'),(730,'J07','completed','2020-05-29 13:56:48','2020-05-29 14:02:02',313,'success','step'),(731,'J01','terminated','2020-05-29 14:10:11','2020-05-29 14:17:05',413,'success','pipeline'),(732,'J01','completed','2020-05-29 14:33:28','2020-05-29 14:51:26',1077,'success','pipeline'),(733,'J08','completed','2020-05-29 14:51:40','2020-05-29 14:57:31',351,'success','pipeline'),(734,'J02','completed','2020-05-29 14:58:41','2020-05-29 15:03:32',291,'success','pipeline'),(735,'J03','completed','2020-05-29 15:03:44','2020-05-29 15:12:52',548,'success','pipeline'),(736,'J04','completed','2020-05-29 15:12:53','2020-05-29 15:16:52',239,'success','pipeline'),(737,'J05','completed','2020-05-29 15:16:52','2020-05-29 15:17:43',50,'success','pipeline'),(738,'J06','completed','2020-05-29 15:17:43','2020-05-29 15:29:56',732,'success','pipeline'),(739,'J07','completed','2020-05-29 15:29:56','2020-05-29 15:36:24',388,'success','pipeline'),(740,'J01','completed','2020-05-29 15:36:28','2020-05-29 15:54:05',1056,'success','pipeline'),(741,'J08','completed','2020-05-29 15:54:22','2020-05-29 16:00:06',343,'success','pipeline'),(742,'J02','completed','2020-05-29 16:00:56','2020-05-29 16:05:27',271,'success','pipeline'),(743,'J03','completed','2020-05-29 16:05:39','2020-05-29 16:14:26',527,'success','pipeline'),(744,'J04','completed','2020-05-29 16:14:27','2020-05-29 16:18:26',238,'success','pipeline'),(745,'J05','completed','2020-05-29 16:18:26','2020-05-29 16:19:17',50,'success','pipeline'),(746,'J06','completed','2020-05-29 16:19:17','2020-05-29 16:31:08',710,'success','pipeline'),(747,'J07','completed','2020-05-29 16:31:08','2020-05-29 16:38:18',430,'success','pipeline'),(748,'J01','completed','2020-05-29 16:38:22','2020-05-29 17:11:31',1988,'success','pipeline'),(749,'J08','completed','2020-05-29 17:11:44','2020-05-29 17:17:23',338,'success','pipeline'),(750,'J02','completed','2020-05-29 17:18:20','2020-05-29 17:23:02',281,'success','pipeline'),(751,'J03','completed','2020-05-29 17:23:13','2020-05-29 17:32:03',529,'success','pipeline'),(752,'J04','completed','2020-05-29 17:32:03','2020-05-29 17:36:06',242,'success','pipeline'),(753,'J05','completed','2020-05-29 17:36:06','2020-05-29 17:36:54',48,'success','pipeline'),(754,'J06','completed','2020-05-29 17:36:55','2020-05-29 17:51:39',884,'success','pipeline'),(755,'J07','completed','2020-05-29 17:51:39','2020-05-29 17:58:50',431,'success','pipeline'),(756,'J01','completed','2020-05-29 17:58:54','2020-05-29 18:16:45',1071,'success','pipeline'),(757,'J08','completed','2020-05-29 18:17:05','2020-05-29 18:23:08',363,'success','pipeline'),(758,'J02','completed','2020-05-29 18:24:30','2020-05-29 18:29:37',306,'success','pipeline'),(759,'J03','completed','2020-05-29 18:29:48','2020-05-29 18:38:22',514,'success','pipeline'),(760,'J04','completed','2020-05-29 18:38:23','2020-05-29 18:42:21',238,'success','pipeline'),(761,'J05','completed','2020-05-29 18:42:22','2020-05-29 18:43:10',48,'success','pipeline'),(762,'J06','completed','2020-05-29 18:43:10','2020-05-29 18:54:59',708,'success','pipeline'),(763,'J07','completed','2020-05-29 18:54:59','2020-05-29 19:01:21',382,'success','pipeline'),(764,'J01','completed','2020-05-29 19:01:25','2020-05-29 19:19:07',1062,'success','pipeline'),(765,'J08','completed','2020-05-29 19:19:27','2020-05-29 19:25:15',347,'success','pipeline'),(766,'J02','completed','2020-05-29 19:26:07','2020-05-29 19:30:40',273,'success','pipeline'),(767,'J03','completed','2020-05-29 19:30:52','2020-05-29 19:39:15',502,'success','pipeline'),(768,'J04','completed','2020-05-29 19:39:15','2020-05-29 19:43:12',236,'success','pipeline'),(769,'J05','completed','2020-05-29 19:43:12','2020-05-29 19:44:07',54,'success','pipeline'),(770,'J06','completed','2020-05-29 19:44:07','2020-05-29 19:58:16',849,'success','pipeline'),(771,'J07','completed','2020-05-29 19:58:16','2020-05-29 20:05:35',439,'success','pipeline'),(772,'J01','completed','2020-05-29 20:05:39','2020-05-29 20:23:49',1089,'success','pipeline'),(773,'J08','completed','2020-05-29 20:24:04','2020-05-29 20:30:03',358,'success','pipeline'),(774,'J02','completed','2020-05-29 20:30:56','2020-05-29 20:35:45',289,'success','pipeline'),(775,'J03','completed','2020-05-29 20:35:57','2020-05-29 20:44:51',534,'success','pipeline'),(776,'J04','completed','2020-05-29 20:44:52','2020-05-29 20:48:50',237,'success','pipeline'),(777,'J05','completed','2020-05-29 20:48:50','2020-05-29 20:49:40',50,'success','pipeline'),(778,'J06','completed','2020-05-29 20:49:41','2020-05-29 21:02:16',754,'success','pipeline'),(779,'J07','completed','2020-05-29 21:02:16','2020-05-29 21:08:24',367,'success','pipeline'),(780,'J01','completed','2020-05-29 21:08:28','2020-05-29 21:26:36',1088,'success','pipeline'),(781,'J08','completed','2020-05-29 21:26:56','2020-05-29 21:32:51',354,'success','pipeline'),(782,'J02','completed','2020-05-29 21:33:46','2020-05-29 21:38:27',281,'success','pipeline'),(783,'J03','completed','2020-05-29 21:38:39','2020-05-29 21:47:45',546,'success','pipeline'),(784,'J04','completed','2020-05-29 21:47:46','2020-05-29 21:51:43',236,'success','pipeline'),(785,'J05','completed','2020-05-29 21:51:43','2020-05-29 21:52:33',50,'success','pipeline'),(786,'J06','completed','2020-05-29 21:52:33','2020-05-29 22:04:54',741,'success','pipeline'),(787,'J07','completed','2020-05-29 22:04:54','2020-05-29 22:11:55',421,'success','pipeline'),(788,'J01','completed','2020-05-29 22:12:00','2020-05-29 22:30:21',1101,'success','pipeline'),(789,'J08','completed','2020-05-29 22:30:40','2020-05-29 22:36:30',349,'success','pipeline'),(790,'J02','completed','2020-05-29 22:37:35','2020-05-29 22:42:14',278,'success','pipeline'),(791,'J03','completed','2020-05-29 22:42:25','2020-05-29 22:51:28',542,'success','pipeline'),(792,'J04','completed','2020-05-29 22:51:28','2020-05-29 22:55:26',238,'success','pipeline'),(793,'J05','completed','2020-05-29 22:55:27','2020-05-29 22:56:17',50,'success','pipeline'),(794,'J06','completed','2020-05-29 22:56:17','2020-05-29 23:08:36',739,'success','pipeline'),(795,'J07','completed','2020-05-29 23:08:36','2020-05-29 23:14:48',372,'success','pipeline'),(796,'J01','completed','2020-05-29 23:14:52','2020-05-29 23:32:38',1065,'success','pipeline'),(797,'J08','completed','2020-05-29 23:32:58','2020-05-29 23:38:37',338,'success','pipeline'),(798,'J02','completed','2020-05-29 23:39:44','2020-05-29 23:44:36',292,'success','pipeline'),(799,'J03','completed','2020-05-29 23:44:48','2020-05-29 23:53:26',517,'success','pipeline'),(800,'J04','completed','2020-05-29 23:53:26','2020-05-29 23:57:25',239,'success','pipeline'),(801,'J05','completed','2020-05-29 23:57:25','2020-05-29 23:58:16',50,'success','pipeline'),(802,'J06','completed','2020-05-29 23:58:16','2020-05-30 00:09:50',694,'success','pipeline'),(803,'J07','completed','2020-05-30 00:09:50','2020-05-30 00:16:17',386,'success','pipeline'),(804,'J01','completed','2020-05-30 00:16:21','2020-05-30 00:43:52',1651,'success','pipeline'),(805,'J08','completed','2020-05-30 00:44:08','2020-05-30 00:49:49',341,'success','pipeline'),(806,'J02','completed','2020-05-30 00:50:46','2020-05-30 00:55:12',265,'success','pipeline'),(807,'J03','completed','2020-05-30 00:55:23','2020-05-30 01:04:07',524,'success','pipeline'),(808,'J04','completed','2020-05-30 01:04:08','2020-05-30 01:08:12',244,'success','pipeline'),(809,'J05','completed','2020-05-30 01:08:12','2020-05-30 01:09:05',53,'success','pipeline'),(810,'J06','completed','2020-05-30 01:09:05','2020-05-30 01:24:14',908,'success','pipeline'),(811,'J07','completed','2020-05-30 01:24:14','2020-05-30 01:32:14',479,'success','pipeline'),(812,'J01','terminated','2020-05-30 01:32:18','2020-05-30 01:42:25',607,'success','pipeline'),(813,'J01','completed','2020-05-30 01:48:57','2020-05-30 02:07:16',1099,'success','pipeline'),(814,'J08','terminated','2020-05-30 02:07:17','2020-05-30 02:07:17',0,'success','pipeline'),(815,'J02','completed','2020-05-30 02:15:20','2020-05-30 02:15:27',6,'success','pipeline'),(816,'J03','completed','2020-05-30 02:15:39','2020-05-30 02:24:38',538,'success','pipeline'),(817,'J04','completed','2020-05-30 02:24:38','2020-05-30 02:28:41',243,'success','pipeline'),(818,'J05','completed','2020-05-30 02:28:41','2020-05-30 02:29:30',48,'success','pipeline'),(819,'J06','completed','2020-05-30 02:29:30','2020-05-30 02:40:35',665,'success','pipeline'),(820,'J07','completed','2020-05-30 02:40:35','2020-05-30 02:48:05',449,'success','pipeline'),(821,'J01','completed','2020-05-30 02:48:09','2020-05-30 03:05:48',1058,'success','pipeline'),(822,'J08','completed','2020-05-30 03:06:01','2020-05-30 03:11:59',357,'success','pipeline'),(823,'J02','completed','2020-05-30 03:13:09','2020-05-30 03:17:47',278,'success','pipeline'),(824,'J03','completed','2020-05-30 03:17:59','2020-05-30 03:26:34',515,'success','pipeline'),(825,'J04','completed','2020-05-30 03:26:35','2020-05-30 03:30:34',238,'success','pipeline'),(826,'J05','completed','2020-05-30 03:30:34','2020-05-30 03:31:24',50,'success','pipeline'),(827,'J06','completed','2020-05-30 03:31:24','2020-05-30 03:43:37',733,'success','pipeline'),(828,'J07','completed','2020-05-30 03:43:37','2020-05-30 03:49:59',382,'success','pipeline'),(829,'J01','completed','2020-05-30 03:50:03','2020-05-30 04:07:54',1070,'success','pipeline'),(830,'J08','completed','2020-05-30 04:08:03','2020-05-30 04:13:57',353,'success','pipeline'),(831,'J02','completed','2020-05-30 04:14:56','2020-05-30 04:19:25',268,'success','pipeline'),(832,'J03','completed','2020-05-30 04:19:36','2020-05-30 04:28:11',514,'success','pipeline'),(833,'J04','completed','2020-05-30 04:28:11','2020-05-30 04:32:13',241,'success','pipeline'),(834,'J05','completed','2020-05-30 04:32:13','2020-05-30 04:33:06',52,'success','pipeline'),(835,'J06','completed','2020-05-30 04:33:06','2020-05-30 04:45:43',757,'success','pipeline'),(836,'J07','completed','2020-05-30 04:45:43','2020-05-30 04:52:07',384,'success','pipeline'),(837,'J01','completed','2020-05-30 04:52:12','2020-05-30 05:10:29',1096,'success','pipeline'),(838,'J08','completed','2020-05-30 05:10:38','2020-05-30 05:16:28',349,'success','pipeline'),(839,'J02','completed','2020-05-30 05:17:31','2020-05-30 05:22:08',276,'success','pipeline'),(840,'J03','completed','2020-05-30 05:22:19','2020-05-30 05:32:51',632,'success','pipeline'),(841,'J04','completed','2020-05-30 05:32:52','2020-05-30 05:36:55',242,'success','pipeline'),(842,'J05','completed','2020-05-30 05:36:55','2020-05-30 05:37:48',52,'success','pipeline'),(843,'J06','completed','2020-05-30 05:37:48','2020-05-30 05:50:13',744,'success','pipeline'),(844,'J07','completed','2020-05-30 05:50:13','2020-05-30 05:57:12',418,'success','pipeline'),(845,'J01','completed','2020-05-30 05:57:16','2020-05-30 06:15:05',1068,'success','pipeline'),(846,'J08','completed','2020-05-30 06:15:26','2020-05-30 06:21:20',354,'success','pipeline'),(847,'J02','completed','2020-05-30 06:22:25','2020-05-30 06:27:11',285,'success','pipeline'),(848,'J03','completed','2020-05-30 06:27:22','2020-05-30 06:35:57',515,'success','pipeline'),(849,'J04','completed','2020-05-30 06:35:58','2020-05-30 06:40:04',246,'success','pipeline'),(850,'J05','completed','2020-05-30 06:40:04','2020-05-30 06:40:57',53,'success','pipeline'),(851,'J06','completed','2020-05-30 06:40:57','2020-05-30 06:53:35',757,'success','pipeline'),(852,'J07','completed','2020-05-30 06:53:35','2020-05-30 06:59:55',379,'success','pipeline'),(853,'J01','completed','2020-05-30 06:59:59','2020-05-30 07:17:40',1060,'success','pipeline'),(854,'J08','completed','2020-05-30 07:17:58','2020-05-30 07:23:37',338,'success','pipeline'),(855,'J02','completed','2020-05-30 07:24:32','2020-05-30 07:29:21',288,'success','pipeline'),(856,'J03','completed','2020-05-30 07:29:32','2020-05-30 07:38:43',551,'success','pipeline'),(857,'J04','completed','2020-05-30 07:38:44','2020-05-30 07:42:45',241,'success','pipeline'),(858,'J05','completed','2020-05-30 07:42:45','2020-05-30 07:43:36',50,'success','pipeline'),(859,'J06','completed','2020-05-30 07:43:36','2020-05-30 07:56:37',781,'success','pipeline'),(860,'J07','completed','2020-05-30 07:56:37','2020-05-30 08:03:04',386,'success','pipeline'),(861,'J01','completed','2020-05-30 08:03:08','2020-05-30 08:20:57',1069,'success','pipeline'),(862,'J08','completed','2020-05-30 08:21:10','2020-05-30 08:26:45',334,'success','pipeline'),(863,'J02','completed','2020-05-30 08:27:43','2020-05-30 08:32:39',296,'success','pipeline'),(864,'J03','completed','2020-05-30 08:32:51','2020-05-30 08:41:35',524,'success','pipeline'),(865,'J04','completed','2020-05-30 08:41:36','2020-05-30 08:45:35',239,'success','pipeline'),(866,'J05','completed','2020-05-30 08:45:35','2020-05-30 08:46:28',52,'success','pipeline'),(867,'J06','completed','2020-05-30 08:46:28','2020-05-30 08:57:46',678,'success','pipeline'),(868,'J07','completed','2020-05-30 08:57:46','2020-05-30 09:04:45',419,'success','pipeline'),(869,'J01','completed','2020-05-30 09:04:49','2020-05-30 09:23:23',1114,'success','pipeline'),(870,'J08','completed','2020-05-30 09:23:33','2020-05-30 09:29:25',352,'success','pipeline'),(871,'J02','completed','2020-05-30 09:30:30','2020-05-30 09:35:16',286,'success','pipeline'),(872,'J03','completed','2020-05-30 09:35:28','2020-05-30 09:43:51',502,'success','pipeline'),(873,'J04','completed','2020-05-30 09:43:51','2020-05-30 09:47:52',241,'success','pipeline'),(874,'J05','completed','2020-05-30 09:47:53','2020-05-30 09:48:45',52,'success','pipeline'),(875,'J06','completed','2020-05-30 09:48:45','2020-05-30 10:01:33',767,'success','pipeline'),(876,'J07','completed','2020-05-30 10:01:33','2020-05-30 10:07:55',382,'success','pipeline'),(877,'J01','completed','2020-05-30 10:07:59','2020-05-30 10:26:09',1089,'success','pipeline'),(878,'J08','completed','2020-05-30 10:26:27','2020-05-30 10:32:17',349,'success','pipeline'),(879,'J02','completed','2020-05-30 10:33:15','2020-05-30 10:38:01',286,'success','pipeline'),(880,'J03','completed','2020-05-30 10:38:13','2020-05-30 10:47:11',537,'success','pipeline'),(881,'J04','completed','2020-05-30 10:47:11','2020-05-30 10:51:10',238,'success','pipeline'),(882,'J05','completed','2020-05-30 10:51:10','2020-05-30 10:52:03',52,'success','pipeline'),(883,'J06','completed','2020-05-30 10:52:03','2020-05-30 11:03:45',702,'success','pipeline'),(884,'J07','completed','2020-05-30 11:03:45','2020-05-30 11:10:05',380,'success','pipeline'),(885,'J01','completed','2020-05-30 11:10:09','2020-05-30 11:28:15',1085,'success','pipeline'),(886,'J08','completed','2020-05-30 11:28:35','2020-05-30 11:34:33',358,'success','pipeline'),(887,'J02','completed','2020-05-30 11:35:32','2020-05-30 11:40:28',296,'success','pipeline'),(888,'J03','completed','2020-05-30 11:40:40','2020-05-30 11:48:56',495,'success','pipeline'),(889,'J04','completed','2020-05-30 11:48:56','2020-05-30 11:52:56',239,'success','pipeline'),(890,'J05','completed','2020-05-30 11:52:56','2020-05-30 11:53:48',52,'success','pipeline'),(891,'J06','completed','2020-05-30 11:53:49','2020-05-30 12:07:15',805,'success','pipeline'),(892,'J07','completed','2020-05-30 12:07:15','2020-05-30 12:13:41',386,'success','pipeline'),(893,'J01','completed','2020-05-30 12:13:45','2020-05-30 12:31:45',1079,'success','pipeline'),(894,'J08','completed','2020-05-30 12:31:56','2020-05-30 12:37:53',356,'success','pipeline'),(895,'J02','completed','2020-05-30 12:38:54','2020-05-30 12:44:05',310,'success','pipeline'),(896,'J03','completed','2020-05-30 12:44:17','2020-05-30 12:53:05',528,'success','pipeline'),(897,'J04','completed','2020-05-30 12:53:06','2020-05-30 12:57:05',238,'success','pipeline'),(898,'J05','completed','2020-05-30 12:57:05','2020-05-30 12:57:55',50,'success','pipeline'),(899,'J06','completed','2020-05-30 12:57:55','2020-05-30 13:10:31',756,'success','pipeline'),(900,'J07','completed','2020-05-30 13:10:31','2020-05-30 13:17:38',427,'success','pipeline'),(901,'J01','completed','2020-05-30 13:17:42','2020-05-30 13:35:41',1078,'success','pipeline'),(902,'J08','completed','2020-05-30 13:35:52','2020-05-30 13:41:50',358,'success','pipeline'),(903,'J02','completed','2020-05-30 13:42:51','2020-05-30 13:47:45',293,'success','pipeline'),(904,'J03','completed','2020-05-30 13:47:56','2020-05-30 13:56:35',518,'success','pipeline'),(905,'J04','completed','2020-05-30 13:56:35','2020-05-30 14:00:34',238,'success','pipeline'),(906,'J05','completed','2020-05-30 14:00:34','2020-05-30 14:01:24',50,'success','pipeline'),(907,'J06','completed','2020-05-30 14:01:24','2020-05-30 14:13:56',751,'success','pipeline'),(908,'J07','completed','2020-05-30 14:13:56','2020-05-30 14:20:12',375,'success','pipeline'),(909,'J01','completed','2020-05-30 14:20:16','2020-05-30 14:38:50',1113,'success','pipeline'),(910,'J08','completed','2020-05-30 14:39:07','2020-05-30 14:45:01',354,'success','pipeline'),(911,'J02','completed','2020-05-30 14:46:03','2020-05-30 14:50:42',279,'success','pipeline'),(912,'J03','completed','2020-05-30 14:50:54','2020-05-30 14:59:42',527,'success','pipeline'),(913,'J04','completed','2020-05-30 14:59:42','2020-05-30 15:03:42',240,'success','pipeline'),(914,'J05','completed','2020-05-30 15:03:42','2020-05-30 15:04:33',51,'success','pipeline'),(915,'J06','completed','2020-05-30 15:04:33','2020-05-30 15:16:38',725,'success','pipeline'),(916,'J07','completed','2020-05-30 15:16:38','2020-05-30 15:22:44',365,'success','pipeline'),(917,'J01','completed','2020-05-30 15:22:48','2020-05-30 15:40:58',1090,'success','pipeline'),(918,'J08','completed','2020-05-30 15:41:12','2020-05-30 15:47:04',351,'success','pipeline'),(919,'J02','completed','2020-05-30 15:48:14','2020-05-30 15:53:10',296,'success','pipeline'),(920,'J03','completed','2020-05-30 15:53:22','2020-05-30 16:02:10',527,'success','pipeline'),(921,'J04','completed','2020-05-30 16:02:10','2020-05-30 16:06:14',244,'success','pipeline'),(922,'J05','completed','2020-05-30 16:06:14','2020-05-30 16:07:07',53,'success','pipeline'),(923,'J06','completed','2020-05-30 16:07:07','2020-05-30 16:20:14',786,'success','pipeline'),(924,'J07','completed','2020-05-30 16:20:14','2020-05-30 16:26:50',396,'success','pipeline'),(925,'J01','completed','2020-05-30 16:26:54','2020-05-30 16:45:12',1098,'success','pipeline'),(926,'J08','completed','2020-05-30 16:45:26','2020-05-30 16:51:32',365,'success','pipeline'),(927,'J02','completed','2020-05-30 16:52:34','2020-05-30 16:57:28',293,'success','pipeline'),(928,'J03','completed','2020-05-30 16:57:40','2020-05-30 17:07:04',563,'success','pipeline'),(929,'J04','completed','2020-05-30 17:07:04','2020-05-30 17:11:13',249,'success','pipeline'),(930,'J05','completed','2020-05-30 17:11:14','2020-05-30 17:12:06',52,'success','pipeline'),(931,'J06','completed','2020-05-30 17:12:06','2020-05-30 17:24:52',766,'success','pipeline'),(932,'J07','completed','2020-05-30 17:24:52','2020-05-30 17:31:19',386,'success','pipeline'),(933,'J01','completed','2020-05-30 17:31:23','2020-05-30 17:49:03',1060,'success','pipeline'),(934,'J08','completed','2020-05-30 17:49:21','2020-05-30 17:55:23',361,'success','pipeline'),(935,'J02','completed','2020-05-30 17:56:29','2020-05-30 18:00:55',265,'success','pipeline'),(936,'J03','completed','2020-05-30 18:01:07','2020-05-30 18:09:43',516,'success','pipeline'),(937,'J04','completed','2020-05-30 18:09:44','2020-05-30 18:13:45',241,'success','pipeline'),(938,'J05','completed','2020-05-30 18:13:45','2020-05-30 18:14:36',50,'success','pipeline'),(939,'J06','completed','2020-05-30 18:14:36','2020-05-30 18:26:59',743,'success','pipeline'),(940,'J07','completed','2020-05-30 18:26:59','2020-05-30 18:33:28',388,'success','pipeline'),(941,'J01','completed','2020-05-30 18:33:32','2020-05-30 18:52:05',1112,'success','pipeline'),(942,'J08','completed','2020-05-30 18:52:17','2020-05-30 18:58:05',347,'success','pipeline'),(943,'J02','completed','2020-05-30 18:59:03','2020-05-30 19:03:32',269,'success','pipeline'),(944,'J03','completed','2020-05-30 19:03:44','2020-05-30 19:12:10',505,'success','pipeline'),(945,'J04','completed','2020-05-30 19:12:10','2020-05-30 19:16:16',246,'success','pipeline'),(946,'J05','completed','2020-05-30 19:16:16','2020-05-30 19:17:07',51,'success','pipeline'),(947,'J06','completed','2020-05-30 19:17:07','2020-05-30 19:29:31',743,'success','pipeline'),(948,'J07','completed','2020-05-30 19:29:31','2020-05-30 19:37:11',459,'success','pipeline'),(949,'J01','completed','2020-05-30 19:37:15','2020-05-30 19:55:10',1074,'success','pipeline'),(950,'J08','completed','2020-05-30 19:55:21','2020-05-30 20:01:04',342,'success','pipeline'),(951,'J02','completed','2020-05-30 20:02:03','2020-05-30 20:06:30',266,'success','pipeline'),(952,'J03','completed','2020-05-30 20:06:41','2020-05-30 20:15:06',504,'success','pipeline'),(953,'J04','completed','2020-05-30 20:15:06','2020-05-30 20:19:07',241,'success','pipeline'),(954,'J05','completed','2020-05-30 20:19:07','2020-05-30 20:20:00',53,'success','pipeline'),(955,'J06','completed','2020-05-30 20:20:01','2020-05-30 20:33:13',791,'success','pipeline'),(956,'J07','completed','2020-05-30 20:33:13','2020-05-30 20:39:29',375,'success','pipeline'),(957,'J01','completed','2020-05-30 20:39:33','2020-05-30 20:57:10',1057,'success','pipeline'),(958,'J08','completed','2020-05-30 20:57:31','2020-05-30 21:03:16',345,'success','pipeline'),(959,'J02','completed','2020-05-30 21:04:18','2020-05-30 21:09:07',289,'success','pipeline'),(960,'J03','completed','2020-05-30 21:09:19','2020-05-30 21:18:48',568,'success','pipeline'),(961,'J04','completed','2020-05-30 21:18:48','2020-05-30 21:22:49',241,'success','pipeline'),(962,'J05','completed','2020-05-30 21:22:50','2020-05-30 21:23:40',50,'success','pipeline'),(963,'J06','completed','2020-05-30 21:23:40','2020-05-30 21:36:24',764,'success','pipeline'),(964,'J07','completed','2020-05-30 21:36:24','2020-05-30 21:42:50',386,'success','pipeline'),(965,'J01','completed','2020-05-30 21:42:54','2020-05-30 22:00:51',1077,'success','pipeline'),(966,'J08','completed','2020-05-30 22:01:04','2020-05-30 22:07:03',358,'success','pipeline'),(967,'J02','completed','2020-05-30 22:08:13','2020-05-30 22:12:44',271,'success','pipeline'),(968,'J03','completed','2020-05-30 22:12:56','2020-05-30 22:22:41',584,'success','pipeline'),(969,'J04','completed','2020-05-30 22:22:42','2020-05-30 22:26:44',242,'success','pipeline'),(970,'J05','completed','2020-05-30 22:26:44','2020-05-30 22:27:35',51,'success','pipeline'),(971,'J06','completed','2020-05-30 22:27:35','2020-05-30 22:39:44',729,'success','pipeline'),(972,'J07','completed','2020-05-30 22:39:44','2020-05-30 22:45:54',370,'success','pipeline'),(973,'J01','completed','2020-05-30 22:45:58','2020-05-30 23:04:11',1092,'success','pipeline'),(974,'J08','completed','2020-05-30 23:04:27','2020-05-30 23:10:28',360,'success','pipeline'),(975,'J02','completed','2020-05-30 23:11:24','2020-05-30 23:16:16',291,'success','pipeline'),(976,'J03','completed','2020-05-30 23:16:27','2020-05-30 23:25:04',517,'success','pipeline'),(977,'J04','completed','2020-05-30 23:25:05','2020-05-30 23:29:06',240,'success','pipeline'),(978,'J05','completed','2020-05-30 23:29:06','2020-05-30 23:29:56',50,'success','pipeline'),(979,'J06','completed','2020-05-30 23:29:56','2020-05-30 23:41:57',721,'success','pipeline'),(980,'J07','completed','2020-05-30 23:41:57','2020-05-30 23:50:00',482,'success','pipeline'),(981,'J01','completed','2020-05-30 23:50:04','2020-05-31 00:07:58',1074,'success','pipeline'),(982,'J08','completed','2020-05-31 00:08:17','2020-05-31 00:14:09',351,'success','pipeline'),(983,'J02','completed','2020-05-31 00:15:08','2020-05-31 00:20:10',301,'success','pipeline'),(984,'J03','completed','2020-05-31 00:20:22','2020-05-31 00:28:36',493,'success','pipeline'),(985,'J04','completed','2020-05-31 00:28:36','2020-05-31 00:32:39',242,'success','pipeline'),(986,'J05','completed','2020-05-31 00:32:39','2020-05-31 00:33:30',50,'success','pipeline'),(987,'J06','completed','2020-05-31 00:33:30','2020-05-31 00:45:27',717,'success','pipeline'),(988,'J07','completed','2020-05-31 00:45:27','2020-05-31 00:52:30',423,'success','pipeline'),(989,'J01','completed','2020-05-31 00:52:34','2020-05-31 01:10:20',1066,'success','pipeline'),(990,'J08','completed','2020-05-31 01:10:43','2020-05-31 01:16:46',362,'success','pipeline'),(991,'J02','completed','2020-05-31 01:17:45','2020-05-31 01:22:42',296,'success','pipeline'),(992,'J03','completed','2020-05-31 01:22:53','2020-05-31 01:31:41',527,'success','pipeline'),(993,'J04','completed','2020-05-31 01:31:41','2020-05-31 01:35:50',249,'success','pipeline'),(994,'J05','completed','2020-05-31 01:35:50','2020-05-31 01:36:41',50,'success','pipeline'),(995,'J06','completed','2020-05-31 01:36:41','2020-05-31 01:48:22',700,'success','pipeline'),(996,'J07','completed','2020-05-31 01:48:22','2020-05-31 01:54:46',384,'success','pipeline'),(997,'J01','completed','2020-05-31 01:54:50','2020-05-31 02:12:50',1080,'success','pipeline'),(998,'J08','completed','2020-05-31 02:13:04','2020-05-31 02:18:52',347,'success','pipeline'),(999,'J02','completed','2020-05-31 02:19:59','2020-05-31 02:24:28',269,'success','pipeline'),(1000,'J03','completed','2020-05-31 02:24:40','2020-05-31 02:33:29',529,'success','pipeline'),(1001,'J04','completed','2020-05-31 02:33:30','2020-05-31 02:37:36',246,'success','pipeline'),(1002,'J05','completed','2020-05-31 02:37:36','2020-05-31 02:38:27',51,'success','pipeline'),(1003,'J06','completed','2020-05-31 02:38:27','2020-05-31 02:51:18',770,'success','pipeline'),(1004,'J07','completed','2020-05-31 02:51:18','2020-05-31 02:58:33',435,'success','pipeline'),(1005,'J01','terminated','2020-05-31 02:58:37','2020-05-31 02:59:07',29,'success','pipeline'),(1006,'J01','completed','2020-05-31 03:50:50','2020-05-31 04:08:09',1038,'success','step'),(1007,'J07','completed','2020-05-31 04:13:37','2020-05-31 04:19:37',360,'success','step'),(1008,'J01','completed','2020-05-31 04:19:58','2020-05-31 04:37:18',1039,'success','pipeline'),(1009,'J08','completed','2020-05-31 04:37:30','2020-05-31 04:43:28',358,'success','pipeline'),(1010,'J02','completed','2020-05-31 04:44:26','2020-05-31 04:48:55',269,'success','pipeline'),(1011,'J03','completed','2020-05-31 04:49:07','2020-05-31 04:57:00',472,'success','pipeline'),(1012,'J04','completed','2020-05-31 04:57:00','2020-05-31 05:01:02',241,'success','pipeline'),(1013,'J05','completed','2020-05-31 05:01:02','2020-05-31 05:01:53',50,'success','pipeline'),(1014,'J06','completed','2020-05-31 05:01:53','2020-05-31 05:15:03',790,'success','pipeline'),(1015,'J07','completed','2020-05-31 05:15:03','2020-05-31 05:21:11',368,'success','pipeline'),(1016,'J01','completed','2020-05-31 05:21:16','2020-05-31 05:38:47',1051,'success','pipeline'),(1017,'J08','completed','2020-05-31 05:39:06','2020-05-31 05:44:52',345,'success','pipeline'),(1018,'J02','completed','2020-05-31 05:45:47','2020-05-31 05:50:48',301,'success','pipeline'),(1019,'J03','completed','2020-05-31 05:51:00','2020-05-31 05:58:49',468,'success','pipeline'),(1020,'J04','completed','2020-05-31 05:58:49','2020-05-31 06:02:46',236,'success','pipeline'),(1021,'J05','completed','2020-05-31 06:02:46','2020-05-31 06:03:37',50,'success','pipeline'),(1022,'J06','completed','2020-05-31 06:03:37','2020-05-31 06:16:00',743,'success','pipeline'),(1023,'J07','completed','2020-05-31 06:16:00','2020-05-31 06:22:38',398,'success','pipeline'),(1024,'J01','completed','2020-05-31 06:22:42','2020-05-31 06:40:08',1045,'success','pipeline'),(1025,'J08','completed','2020-05-31 06:40:24','2020-05-31 06:45:59',334,'success','pipeline'),(1026,'J02','completed','2020-05-31 06:46:56','2020-05-31 06:51:48',291,'success','pipeline'),(1027,'J03','completed','2020-05-31 06:51:59','2020-05-31 06:59:33',453,'success','pipeline'),(1028,'J04','completed','2020-05-31 06:59:33','2020-05-31 07:03:30',237,'success','pipeline'),(1029,'J05','completed','2020-05-31 07:03:30','2020-05-31 07:04:21',51,'success','pipeline'),(1030,'J06','completed','2020-05-31 07:04:21','2020-05-31 07:16:13',711,'success','pipeline'),(1031,'J07','completed','2020-05-31 07:16:13','2020-05-31 07:22:53',400,'success','pipeline'),(1032,'J01','completed','2020-05-31 07:22:57','2020-05-31 07:40:24',1046,'success','pipeline'),(1033,'J08','completed','2020-05-31 07:40:37','2020-05-31 07:46:16',339,'success','pipeline'),(1034,'J02','completed','2020-05-31 07:47:17','2020-05-31 07:51:43',266,'success','pipeline'),(1035,'J03','completed','2020-05-31 07:51:55','2020-05-31 07:59:22',447,'success','pipeline'),(1036,'J04','completed','2020-05-31 07:59:23','2020-05-31 08:03:19',235,'success','pipeline'),(1037,'J05','completed','2020-05-31 08:03:19','2020-05-31 08:04:07',48,'success','pipeline'),(1038,'J06','completed','2020-05-31 08:04:07','2020-05-31 08:16:45',758,'success','pipeline'),(1039,'J07','completed','2020-05-31 08:16:45','2020-05-31 08:24:03',437,'success','pipeline'),(1040,'J01','completed','2020-05-31 08:24:07','2020-05-31 08:41:40',1052,'success','pipeline'),(1041,'J08','completed','2020-05-31 08:41:40','2020-05-31 08:47:50',369,'success','pipeline'),(1042,'J02','completed','2020-05-31 08:48:10','2020-05-31 08:52:29',258,'success','pipeline'),(1043,'J03','completed','2020-05-31 08:52:40','2020-05-31 09:01:13',512,'success','pipeline'),(1044,'J04','completed','2020-05-31 09:01:13','2020-05-31 09:05:10',237,'success','pipeline'),(1045,'J05','completed','2020-05-31 09:05:10','2020-05-31 09:05:59',48,'success','pipeline'),(1046,'J06','completed','2020-05-31 09:05:59','2020-05-31 09:17:48',708,'success','pipeline'),(1047,'J07','completed','2020-05-31 09:17:48','2020-05-31 09:24:28',400,'success','pipeline'),(1048,'J01','completed','2020-05-31 09:24:32','2020-05-31 09:42:08',1055,'success','pipeline'),(1049,'J08','completed','2020-05-31 09:42:08','2020-05-31 09:48:05',356,'success','pipeline'),(1050,'J02','completed','2020-05-31 09:48:25','2020-05-31 09:53:57',332,'success','pipeline'),(1051,'J03','completed','2020-05-31 09:54:09','2020-05-31 10:01:46',456,'success','pipeline'),(1052,'J04','completed','2020-05-31 10:01:46','2020-05-31 10:05:48',242,'success','pipeline'),(1053,'J05','completed','2020-05-31 10:05:48','2020-05-31 10:06:37',48,'success','pipeline'),(1054,'J06','completed','2020-05-31 10:06:37','2020-05-31 10:18:48',731,'success','pipeline'),(1055,'J07','completed','2020-05-31 10:18:48','2020-05-31 10:25:00',372,'success','pipeline'),(1056,'J01','completed','2020-05-31 10:25:04','2020-05-31 10:42:35',1050,'success','pipeline'),(1057,'J08','completed','2020-05-31 10:42:35','2020-05-31 10:48:23',347,'success','pipeline'),(1058,'J02','completed','2020-05-31 10:48:43','2020-05-31 10:53:47',303,'success','pipeline'),(1059,'J03','completed','2020-05-31 10:53:59','2020-05-31 11:01:23',443,'success','pipeline'),(1060,'J04','completed','2020-05-31 11:01:23','2020-05-31 11:05:21',238,'success','pipeline'),(1061,'J05','completed','2020-05-31 11:05:21','2020-05-31 11:06:12',50,'success','pipeline'),(1062,'J06','completed','2020-05-31 11:06:12','2020-05-31 11:18:48',755,'success','pipeline'),(1063,'J07','completed','2020-05-31 11:18:48','2020-05-31 11:25:38',410,'success','pipeline'),(1064,'J01','completed','2020-05-31 11:25:43','2020-05-31 11:43:16',1053,'success','pipeline'),(1065,'J08','completed','2020-05-31 11:43:16','2020-05-31 11:49:02',346,'success','pipeline'),(1066,'J02','completed','2020-05-31 11:49:22','2020-05-31 11:52:27',184,'success','pipeline'),(1067,'J03','completed','2020-05-31 11:52:38','2020-05-31 12:00:26',468,'success','pipeline'),(1068,'J04','completed','2020-05-31 12:00:27','2020-05-31 12:04:23',235,'success','pipeline'),(1069,'J05','completed','2020-05-31 12:04:23','2020-05-31 12:05:16',52,'success','pipeline'),(1070,'J06','completed','2020-05-31 12:05:16','2020-05-31 12:17:27',730,'success','pipeline'),(1071,'J07','completed','2020-05-31 12:17:27','2020-05-31 12:24:04',396,'success','pipeline'),(1072,'J01','completed','2020-05-31 12:24:08','2020-05-31 12:41:42',1053,'success','pipeline'),(1073,'J08','completed','2020-05-31 12:41:54','2020-05-31 12:47:29',334,'success','pipeline'),(1074,'J02','completed','2020-05-31 12:48:39','2020-05-31 12:53:28',289,'success','pipeline'),(1075,'J03','completed','2020-05-31 12:53:40','2020-05-31 13:01:15',455,'success','pipeline'),(1076,'J04','completed','2020-05-31 13:01:16','2020-05-31 13:05:14',237,'success','pipeline'),(1077,'J05','completed','2020-05-31 13:05:14','2020-05-31 13:06:02',48,'success','pipeline'),(1078,'J06','completed','2020-05-31 13:06:03','2020-05-31 13:17:51',708,'success','pipeline'),(1079,'J07','completed','2020-05-31 13:17:51','2020-05-31 13:23:57',366,'success','pipeline'),(1080,'J01','completed','2020-05-31 13:24:01','2020-05-31 13:42:09',1088,'success','pipeline'),(1081,'J08','completed','2020-05-31 13:42:19','2020-05-31 13:48:08',349,'success','pipeline'),(1082,'J02','completed','2020-05-31 13:49:03','2020-05-31 13:53:44',281,'success','pipeline'),(1083,'J03','completed','2020-05-31 13:53:56','2020-05-31 14:01:39',463,'success','pipeline'),(1084,'J04','completed','2020-05-31 14:01:40','2020-05-31 14:05:44',244,'success','pipeline'),(1085,'J05','completed','2020-05-31 14:05:44','2020-05-31 14:06:35',50,'success','pipeline'),(1086,'J06','completed','2020-05-31 14:06:35','2020-05-31 14:18:44',728,'success','pipeline'),(1087,'J07','completed','2020-05-31 14:18:44','2020-05-31 14:25:12',388,'success','pipeline'),(1088,'J01','completed','2020-05-31 14:25:16','2020-05-31 14:42:44',1047,'success','pipeline'),(1089,'J08','completed','2020-05-31 14:42:54','2020-05-31 14:48:42',347,'success','pipeline'),(1090,'J02','completed','2020-05-31 14:49:45','2020-05-31 14:54:19',274,'success','pipeline'),(1091,'J03','completed','2020-05-31 14:54:31','2020-05-31 15:01:58',447,'success','pipeline'),(1092,'J04','completed','2020-05-31 15:01:59','2020-05-31 15:06:00',240,'success','pipeline'),(1093,'J05','completed','2020-05-31 15:06:00','2020-05-31 15:06:52',52,'success','pipeline'),(1094,'J06','completed','2020-05-31 15:06:53','2020-05-31 15:06:55',1,'success','pipeline'),(1095,'J07','completed','2020-05-31 15:06:55','2020-05-31 15:13:34',399,'success','pipeline'),(1096,'J01','completed','2020-05-31 15:13:38','2020-05-31 15:31:21',1063,'success','pipeline'),(1097,'J08','completed','2020-05-31 15:31:31','2020-05-31 15:37:39',368,'success','pipeline'),(1098,'J02','completed','2020-05-31 15:38:36','2020-05-31 15:43:19',282,'success','pipeline'),(1099,'J03','completed','2020-05-31 15:43:30','2020-05-31 15:50:43',432,'success','pipeline'),(1100,'J04','completed','2020-05-31 15:50:43','2020-05-31 15:54:44',240,'success','pipeline'),(1101,'J05','completed','2020-05-31 15:54:44','2020-05-31 15:55:37',52,'success','pipeline'),(1102,'J06','completed','2020-05-31 15:55:37','2020-05-31 16:08:00',743,'success','pipeline'),(1103,'J07','completed','2020-05-31 16:08:00','2020-05-31 16:14:37',397,'success','pipeline'),(1104,'J01','completed','2020-05-31 16:14:41','2020-05-31 16:32:32',1071,'success','pipeline'),(1105,'J08','completed','2020-05-31 16:32:45','2020-05-31 16:38:19',334,'success','pipeline'),(1106,'J02','completed','2020-05-31 16:39:19','2020-05-31 16:44:06',286,'success','pipeline'),(1107,'J03','completed','2020-05-31 16:44:17','2020-05-31 16:51:56',458,'success','pipeline'),(1108,'J04','completed','2020-05-31 16:51:56','2020-05-31 16:56:02',245,'success','pipeline'),(1109,'J05','completed','2020-05-31 16:56:02','2020-05-31 16:56:52',50,'success','pipeline'),(1110,'J06','completed','2020-05-31 16:56:52','2020-05-31 17:09:00',727,'success','pipeline'),(1111,'J07','completed','2020-05-31 17:09:00','2020-05-31 17:15:28',388,'success','pipeline'),(1112,'J01','completed','2020-05-31 17:15:32','2020-05-31 17:33:16',1064,'success','pipeline'),(1113,'J08','completed','2020-05-31 17:33:25','2020-05-31 17:39:07',341,'success','pipeline'),(1114,'J02','completed','2020-05-31 17:40:03','2020-05-31 17:44:29',266,'success','pipeline'),(1115,'J03','completed','2020-05-31 17:44:41','2020-05-31 17:52:06',445,'success','pipeline'),(1116,'J04','completed','2020-05-31 17:52:07','2020-05-31 17:56:10',243,'success','pipeline'),(1117,'J05','completed','2020-05-31 17:56:10','2020-05-31 17:57:03',53,'success','pipeline'),(1118,'J06','completed','2020-05-31 17:57:03','2020-05-31 18:10:07',784,'success','pipeline'),(1119,'J07','completed','2020-05-31 18:10:07','2020-05-31 18:17:13',425,'success','pipeline'),(1120,'J01','completed','2020-05-31 18:17:17','2020-05-31 18:34:55',1057,'success','pipeline'),(1121,'J08','completed','2020-05-31 18:35:11','2020-05-31 18:40:59',347,'success','pipeline'),(1122,'J02','completed','2020-05-31 18:42:01','2020-05-31 18:46:45',283,'success','pipeline'),(1123,'J03','completed','2020-05-31 18:46:57','2020-05-31 18:54:13',435,'success','pipeline'),(1124,'J04','completed','2020-05-31 18:54:13','2020-05-31 18:58:17',243,'success','pipeline'),(1125,'J05','completed','2020-05-31 18:58:17','2020-05-31 18:59:10',52,'success','pipeline'),(1126,'J06','completed','2020-05-31 18:59:10','2020-05-31 19:11:17',727,'success','pipeline'),(1127,'J07','completed','2020-05-31 19:11:17','2020-05-31 19:17:40',382,'success','pipeline'),(1128,'J01','completed','2020-05-31 19:17:44','2020-05-31 19:35:16',1051,'success','pipeline'),(1129,'J08','completed','2020-05-31 19:35:31','2020-05-31 19:41:10',338,'success','pipeline'),(1130,'J02','completed','2020-05-31 19:42:16','2020-05-31 19:46:37',260,'success','pipeline'),(1131,'J03','completed','2020-05-31 19:46:48','2020-05-31 19:54:08',440,'success','pipeline'),(1132,'J04','completed','2020-05-31 19:54:09','2020-05-31 19:58:09',239,'success','pipeline'),(1133,'J05','completed','2020-05-31 19:58:09','2020-05-31 19:59:02',52,'success','pipeline'),(1134,'J06','completed','2020-05-31 19:59:02','2020-05-31 20:11:56',774,'success','pipeline'),(1135,'J07','completed','2020-05-31 20:11:56','2020-05-31 20:18:20',384,'success','pipeline'),(1136,'J01','completed','2020-05-31 20:18:24','2020-05-31 20:35:58',1053,'success','pipeline'),(1137,'J08','completed','2020-05-31 20:36:16','2020-05-31 20:42:05',348,'success','pipeline'),(1138,'J02','completed','2020-05-31 20:43:26','2020-05-31 20:48:07',281,'success','pipeline'),(1139,'J03','completed','2020-05-31 20:48:19','2020-05-31 20:55:30',430,'success','pipeline'),(1140,'J04','completed','2020-05-31 20:55:30','2020-05-31 20:59:30',240,'success','pipeline'),(1141,'J05','completed','2020-05-31 20:59:30','2020-05-31 21:00:23',52,'success','pipeline'),(1142,'J06','completed','2020-05-31 21:00:23','2020-05-31 21:12:24',720,'success','pipeline'),(1143,'J07','completed','2020-05-31 21:12:24','2020-05-31 21:19:04',400,'success','pipeline'),(1144,'J01','completed','2020-05-31 21:19:08','2020-05-31 21:36:43',1055,'success','pipeline'),(1145,'J08','completed','2020-05-31 21:37:00','2020-05-31 21:42:47',347,'success','pipeline'),(1146,'J02','completed','2020-05-31 21:43:46','2020-05-31 21:48:11',265,'success','pipeline'),(1147,'J03','completed','2020-05-31 21:48:23','2020-05-31 21:56:04',461,'success','pipeline'),(1148,'J04','completed','2020-05-31 21:56:05','2020-05-31 22:00:05',239,'success','pipeline'),(1149,'J05','completed','2020-05-31 22:00:05','2020-05-31 22:00:56',50,'success','pipeline'),(1150,'J06','completed','2020-05-31 22:00:56','2020-05-31 22:13:27',751,'success','pipeline'),(1151,'J07','completed','2020-05-31 22:13:27','2020-05-31 22:20:00',392,'success','pipeline'),(1152,'J01','completed','2020-05-31 22:20:04','2020-05-31 22:37:54',1069,'success','pipeline'),(1153,'J08','completed','2020-05-31 22:38:06','2020-05-31 22:44:01',355,'success','pipeline'),(1154,'J02','completed','2020-05-31 22:45:04','2020-05-31 22:49:37',272,'success','pipeline'),(1155,'J03','completed','2020-05-31 22:49:48','2020-05-31 22:57:10',442,'success','pipeline'),(1156,'J04','completed','2020-05-31 22:57:11','2020-05-31 23:01:08',237,'success','pipeline'),(1157,'J05','completed','2020-05-31 23:01:08','2020-05-31 23:01:59',50,'success','pipeline'),(1158,'J06','completed','2020-05-31 23:01:59','2020-05-31 23:13:13',674,'success','pipeline'),(1159,'J07','completed','2020-05-31 23:13:13','2020-05-31 23:20:29',435,'success','pipeline'),(1160,'J01','completed','2020-05-31 23:20:33','2020-05-31 23:38:11',1058,'success','pipeline'),(1161,'J08','completed','2020-05-31 23:38:28','2020-05-31 23:44:24',355,'success','pipeline'),(1162,'J02','completed','2020-05-31 23:45:21','2020-05-31 23:50:04',282,'success','pipeline'),(1163,'J03','completed','2020-05-31 23:50:16','2020-05-31 23:57:35',439,'success','pipeline'),(1164,'J04','completed','2020-05-31 23:57:36','2020-06-01 00:01:39',242,'success','pipeline'),(1165,'J05','completed','2020-06-01 00:01:39','2020-06-01 00:02:31',52,'success','pipeline'),(1166,'J06','completed','2020-06-01 00:02:32','2020-06-01 00:14:24',712,'success','pipeline'),(1167,'J07','completed','2020-06-01 00:14:24','2020-06-01 00:22:02',458,'success','pipeline'),(1168,'J01','completed','2020-06-01 00:22:06','2020-06-01 00:39:50',1064,'success','pipeline'),(1169,'J08','completed','2020-06-01 00:40:04','2020-06-01 00:46:04',360,'success','pipeline'),(1170,'J02','completed','2020-06-01 00:47:02','2020-06-01 00:51:45',282,'success','pipeline'),(1171,'J03','completed','2020-06-01 00:51:57','2020-06-01 00:59:42',464,'success','pipeline'),(1172,'J04','completed','2020-06-01 00:59:42','2020-06-01 01:03:45',243,'success','pipeline'),(1173,'J05','completed','2020-06-01 01:03:45','2020-06-01 01:04:36',50,'success','pipeline'),(1174,'J06','completed','2020-06-01 01:04:56','2020-06-01 01:16:55',718,'success','pipeline'),(1175,'J07','completed','2020-06-01 01:16:55','2020-06-01 01:23:23',388,'success','pipeline'),(1176,'J01','completed','2020-06-01 01:23:27','2020-06-01 01:41:03',1055,'success','pipeline'),(1177,'J08','completed','2020-06-01 01:41:18','2020-06-01 01:47:18',359,'success','pipeline'),(1178,'J02','completed','2020-06-01 01:48:16','2020-06-01 01:53:02',285,'success','pipeline'),(1179,'J03','completed','2020-06-01 01:53:14','2020-06-01 02:00:45',451,'success','pipeline'),(1180,'J04','completed','2020-06-01 02:00:46','2020-06-01 02:04:48',241,'success','pipeline'),(1181,'J05','completed','2020-06-01 02:04:48','2020-06-01 02:05:38',50,'success','pipeline'),(1182,'J06','completed','2020-06-01 02:05:59','2020-06-01 02:17:33',694,'success','pipeline'),(1183,'J07','completed','2020-06-01 02:17:33','2020-06-01 02:24:55',441,'success','pipeline'),(1184,'J01','completed','2020-06-01 02:24:59','2020-06-01 02:42:51',1071,'success','pipeline'),(1185,'J08','completed','2020-06-01 02:43:00','2020-06-01 02:48:51',351,'success','pipeline'),(1186,'J02','completed','2020-06-01 03:17:57','2020-06-01 03:22:41',284,'success','pipeline'),(1187,'J03','completed','2020-06-01 03:22:53','2020-06-01 03:30:37',463,'success','pipeline'),(1188,'J04','completed','2020-06-01 03:30:37','2020-06-01 03:34:37',240,'success','pipeline'),(1189,'J05','completed','2020-06-01 03:34:37','2020-06-01 03:35:32',55,'success','pipeline'),(1190,'J06','completed','2020-06-01 03:35:52','2020-06-01 03:48:00',728,'success','pipeline'),(1191,'J07','completed','2020-06-01 03:48:00','2020-06-01 03:55:11',431,'success','pipeline'),(1192,'J01','completed','2020-06-01 03:55:15','2020-06-01 04:12:55',1059,'success','pipeline'),(1193,'J08','completed','2020-06-01 04:13:08','2020-06-01 04:18:38',330,'success','pipeline'),(1194,'J02','completed','2020-06-01 04:19:40','2020-06-01 04:24:38',297,'success','pipeline'),(1195,'J03','completed','2020-06-01 04:24:50','2020-06-01 04:32:44',474,'success','pipeline'),(1196,'J04','completed','2020-06-01 04:32:45','2020-06-01 04:36:50',244,'success','pipeline'),(1197,'J05','completed','2020-06-01 04:36:50','2020-06-01 04:37:40',50,'success','pipeline'),(1198,'J06','completed','2020-06-01 04:38:00','2020-06-01 04:50:09',729,'success','pipeline'),(1199,'J07','completed','2020-06-01 04:50:09','2020-06-01 04:57:29',439,'success','pipeline'),(1200,'J01','completed','2020-06-01 04:57:33','2020-06-01 05:15:13',1060,'success','pipeline'),(1201,'J08','completed','2020-06-01 05:15:28','2020-06-01 05:21:02',333,'success','pipeline'),(1202,'J02','completed','2020-06-01 05:22:08','2020-06-01 05:27:21',313,'success','pipeline'),(1203,'J03','completed','2020-06-01 05:27:33','2020-06-01 05:35:19',465,'success','pipeline'),(1204,'J04','completed','2020-06-01 05:35:19','2020-06-01 05:39:20',240,'success','pipeline'),(1205,'J05','completed','2020-06-01 05:39:20','2020-06-01 05:40:10',50,'success','pipeline'),(1206,'J06','completed','2020-06-01 05:40:31','2020-06-01 05:52:48',737,'success','pipeline'),(1207,'J07','completed','2020-06-01 05:52:48','2020-06-01 06:00:06',437,'success','pipeline'),(1208,'J01','terminated','2020-06-01 06:00:10','2020-06-01 06:02:46',156,'success','pipeline'),(1209,'J07','completed','2020-06-01 06:07:36','2020-06-01 06:13:32',355,'success','step'),(1210,'J01','completed','2020-06-01 08:24:37','2020-06-01 08:29:38',301,'success','step'),(1211,'J08','completed','2020-06-01 08:37:51','2020-06-01 08:39:39',108,'success','step'),(1212,'J02','completed','2020-06-01 08:42:39','2020-06-01 08:44:13',94,'success','step'),(1213,'J03','completed','2020-06-01 08:44:30','2020-06-01 08:52:03',452,'success','step'),(1214,'J04','completed','2020-06-01 08:53:30','2020-06-01 08:57:28',238,'success','step'),(1215,'J05','completed','2020-06-01 09:00:50','2020-06-01 09:01:37',46,'success','step'),(1216,'J06','completed','2020-06-01 09:45:00','2020-06-01 09:50:21',321,'success','step'),(1217,'J07','completed','2020-06-01 09:57:00','2020-06-01 10:02:41',341,'success','step'),(1218,'J01','completed','2020-06-01 10:07:51','2020-06-01 10:12:36',284,'success','step'),(1219,'J08','completed','2020-06-01 10:13:01','2020-06-01 10:14:48',106,'success','step'),(1220,'J02','completed','2020-06-01 10:17:15','2020-06-01 10:18:49',94,'success','step'),(1221,'J03','completed','2020-06-01 10:19:08','2020-06-01 10:26:40',452,'success','step'),(1222,'J04','completed','2020-06-01 10:27:33','2020-06-01 10:31:33',239,'success','step'),(1223,'J06','completed','2020-06-01 10:36:27','2020-06-01 10:41:36',308,'success','step'),(1224,'J07','completed','2020-06-01 12:57:33','2020-06-01 13:02:57',323,'success','step'),(1225,'J01','terminated','2020-06-01 13:03:18','2020-06-01 13:07:36',257,'success','step'),(1226,'J01','completed','2020-06-01 13:14:00','2020-06-01 13:48:54',2094,'success','step'),(1227,'J08','completed','2020-06-01 13:55:07','2020-06-01 13:58:59',231,'success','step'),(1228,'J08','completed','2020-06-01 14:15:41','2020-06-01 14:26:03',621,'success','step'),(1229,'J02','terminated','2020-06-01 14:33:16','2020-06-01 14:41:57',521,'success','step'),(1230,'J02','completed','2020-06-01 14:43:35','2020-06-01 14:53:18',583,'success','step'),(1231,'J03','completed','2020-06-01 14:56:26','2020-06-01 15:04:25',478,'success','step'),(1232,'J04','completed','2020-06-01 15:04:37','2020-06-01 15:08:49',251,'success','step'),(1233,'J05','completed','2020-06-01 15:09:19','2020-06-01 15:10:22',63,'success','step'),(1234,'J06','completed','2020-06-01 15:10:56','2020-06-01 15:31:34',1238,'success','step'),(1235,'J07','completed','2020-06-02 00:46:24','2020-06-02 00:53:09',405,'success','step'),(1236,'J03','completed','2020-06-02 01:41:52','2020-06-02 01:50:20',507,'success','step'),(1237,'J01','completed','2020-06-02 01:54:15','2020-06-02 02:33:50',2374,'success','step'),(1238,'J08','completed','2020-06-02 02:39:45','2020-06-02 02:49:58',612,'success','step'),(1239,'J02','completed','2020-06-02 02:54:47','2020-06-02 03:02:48',480,'success','step'),(1240,'J01','completed','2020-06-02 03:59:49','2020-06-02 04:33:58',2048,'success','step'),(1241,'J08','completed','2020-06-02 04:47:08','2020-06-02 04:57:01',592,'success','step'),(1242,'J08','completed','2020-06-02 04:59:35','2020-06-02 05:09:50',615,'success','step'),(1243,'J02','completed','2020-06-02 05:13:07','2020-06-02 05:22:11',543,'success','step'),(1244,'J03','completed','2020-06-02 05:38:32','2020-06-02 05:46:37',485,'success','step'),(1245,'J07','completed','2020-06-02 06:43:18','2020-06-02 06:49:09',351,'success','step'),(1246,'J01','completed','2020-06-02 07:22:59','2020-06-02 07:30:13',434,'success','step'),(1247,'J08','completed','2020-06-02 07:31:33','2020-06-02 07:33:37',123,'success','step'),(1248,'J02','completed','2020-06-02 07:34:31','2020-06-02 07:36:22',110,'success','step'),(1249,'J07','completed','2020-06-02 07:37:00','2020-06-02 07:54:06',1025,'success','step'),(1250,'J01','completed','2020-06-02 08:04:41','2020-06-02 08:13:21',520,'success','step'),(1251,'J08','completed','2020-06-02 08:27:53','2020-06-02 08:31:12',199,'success','step'),(1252,'J01','terminated','2020-06-02 09:12:00','2020-06-02 09:12:00',0,'success','pipeline'),(1253,'J01','completed','2020-06-02 09:34:12','2020-06-02 09:34:45',33,'success','pipeline'),(1254,'J08','terminated','2020-06-02 09:34:46','2020-06-02 09:34:50',4,'success','pipeline'),(1255,'J08','terminated','2020-06-02 09:36:51','2020-06-02 09:37:08',16,'success','pipeline'),(1256,'J08','terminated','2020-06-02 09:39:00','2020-06-02 09:39:36',36,'success','pipeline'),(1257,'J08','completed','2020-06-02 09:40:07','2020-06-02 09:40:40',32,'success','step'),(1258,'J02','completed','2020-06-02 09:40:27','2020-06-02 09:44:26',238,'success','step'),(1259,'J07','completed','2020-06-03 01:09:40','2020-06-03 01:15:19',339,'success','step'),(1260,'J08','terminated','2020-06-03 04:23:00','2020-06-03 05:39:57',4617,'success','pipeline'),(1261,'J08','terminated','2020-06-03 05:40:25','2020-06-03 05:41:48',83,'success','step'),(1263,'J07','completed','2020-06-03 05:55:09','2020-06-03 05:56:25',75,'success','step'),(1264,'J01','terminated','2020-06-03 05:56:56','2020-06-03 05:56:56',0,'success','pipeline'),(1265,'J07','completed','2020-06-03 06:00:59','2020-06-03 06:02:23',84,'success','step'),(1266,'J01','completed','2020-06-03 06:06:15','2020-06-03 06:06:18',2,'success','pipeline'),(1267,'J08','completed','2020-06-03 06:06:18','2020-06-03 06:06:20',2,'success','pipeline'),(1268,'J02','completed','2020-06-03 06:06:40','2020-06-03 06:06:43',2,'success','pipeline'),(1269,'J03','terminated','2020-06-03 06:06:54','2020-06-03 06:08:29',94,'success','pipeline'),(1270,'J03','terminated','2020-06-03 06:09:12','2020-06-03 06:10:22',69,'success','pipeline'),(1271,'J03','completed','2020-06-03 06:24:08','2020-06-03 06:25:05',56,'success','pipeline'),(1272,'J03','terminated','2020-06-03 06:27:04','2020-06-03 06:28:03',58,'success','pipeline'),(1273,'J03','completed','2020-06-03 06:29:42','2020-06-03 06:30:23',41,'success','pipeline'),(1274,'J01','terminated','2020-06-03 09:41:18','2020-06-03 09:42:58',100,'success','pipeline'),(1275,'J01','completed','2020-06-03 09:45:36','2020-06-03 09:47:48',132,'success','pipeline'),(1276,'J08','terminated','2020-06-03 09:47:49','2020-06-03 09:53:01',311,'success','pipeline'),(1277,'J08','completed','2020-06-03 09:58:23','2020-06-03 10:19:37',1274,'success','pipeline'),(1278,'J02','completed','2020-06-03 10:19:57','2020-06-03 10:20:30',33,'success','pipeline'),(1279,'J03','completed','2020-06-03 10:20:42','2020-06-03 13:51:48',12665,'success','pipeline'),(1280,'J04','completed','2020-06-03 13:51:48','2020-06-03 13:56:43',295,'success','pipeline'),(1281,'J05','completed','2020-06-03 13:56:43','2020-06-03 13:58:48',124,'success','pipeline'),(1282,'J06','completed','2020-06-03 13:59:08','2020-06-03 13:59:13',4,'success','pipeline'),(1283,'J07','completed','2020-06-03 13:59:13','2020-06-03 14:03:00',227,'success','pipeline'),(1284,'J01','terminated','2020-06-03 14:03:04','2020-06-04 00:36:02',37978,'success','pipeline'),(1285,'J01','completed','2020-06-08 06:34:43','2020-06-08 06:38:34',231,'success','step'),(1286,'J01','terminated','2020-06-08 07:24:57','2020-06-08 07:44:42',1185,'success','step'),(1287,'J01','completed','2020-06-08 07:45:31','2020-06-08 08:12:03',1592,'success','step'),(1288,'J01','terminated','2020-06-08 08:17:19','2020-06-08 08:25:42',502,'success','step'),(1289,'J01','completed','2020-06-08 08:26:11','2020-06-08 08:40:07',835,'success','step'),(1290,'J08','completed','2020-06-08 08:52:40','2020-06-08 09:01:58',557,'success','step'),(1291,'J08','completed','2020-06-08 09:06:58','2020-06-08 09:16:08',550,'success','step'),(1292,'J08','completed','2020-06-08 09:24:45','2020-06-08 09:33:54',548,'success','step'),(1293,'J08','terminated','2020-06-08 09:37:57','2020-06-08 09:43:11',314,'success','step'),(1294,'J04','terminated','2020-06-08 09:43:21','2020-06-08 09:44:03',42,'success','step'),(1295,'J08','completed','2020-06-08 09:44:34','2020-06-08 09:55:31',656,'success','step'),(1296,'J08','completed','2020-06-08 09:58:39','2020-06-08 10:08:48',609,'success','step'),(1297,'J08','completed','2020-06-08 10:12:53','2020-06-08 10:22:29',576,'success','step'),(1298,'J08','terminated','2020-06-08 10:33:06','2020-06-08 10:44:10',663,'success','step'),(1299,'J08','completed','2020-06-08 10:45:17','2020-06-08 10:54:56',578,'success','step'),(1300,'J04','terminated','2020-06-08 11:56:13','2020-06-08 11:56:23',9,'success','step'),(1301,'J04','completed','2020-06-08 12:01:57','2020-06-08 12:06:02',245,'success','step'),(1302,'J03','terminated','2020-06-08 12:07:06','2020-06-08 12:07:06',0,'success','step'),(1303,'J03','terminated','2020-06-08 12:07:16','2020-06-08 12:07:16',0,'success','step'),(1304,'J03','terminated','2020-06-08 12:08:35','2020-06-08 12:08:35',0,'success','step'),(1305,'J08','terminated','2020-06-09 02:24:15','2020-06-09 02:24:44',29,'success','step'),(1306,'J08','terminated','2020-06-09 02:26:02','2020-06-09 02:43:48',1065,'success','step'),(1307,'J08','completed','2020-06-09 02:44:44','2020-06-09 02:58:25',820,'success','step'),(1308,'J08','completed','2020-06-09 03:02:12','2020-06-09 03:11:57',584,'success','step'),(1309,'J08','terminated','2020-06-09 03:22:01','2020-06-09 03:27:44',343,'success','step'),(1310,'J08','completed','2020-06-09 03:40:25','2020-06-09 03:49:36',551,'success','step'),(1311,'J02','completed','2020-06-09 05:41:53','2020-06-09 05:41:57',3,'success','step'),(1312,'J08','completed','2020-06-09 06:11:13','2020-06-09 06:18:14',421,'success','step'),(1313,'J02','completed','2020-06-09 06:19:21','2020-06-09 06:19:25',3,'success','step'),(1314,'J02','completed','2020-06-09 06:22:22','2020-06-09 06:22:25',2,'success','step'),(1315,'J02','completed','2020-06-09 07:35:59','2020-06-09 07:36:04',4,'success','step'),(1316,'J02','completed','2020-06-09 08:17:19','2020-06-09 08:17:21',2,'success','step'),(1317,'J02','terminated','2020-06-09 08:25:20','2020-06-09 08:25:20',0,'success','step'),(1318,'J02','terminated','2020-06-09 08:26:20','2020-06-09 08:26:20',0,'success','step'),(1319,'J02','completed','2020-06-09 08:38:08','2020-06-09 08:38:13',4,'success','step'),(1320,'J02','completed','2020-06-09 08:59:47','2020-06-09 08:59:49',2,'success','step'),(1321,'J02','terminated','2020-06-09 09:03:31','2020-06-09 09:03:31',0,'success','step'),(1322,'J02','completed','2020-06-09 09:04:20','2020-06-09 09:04:25',4,'success','step');
/*!40000 ALTER TABLE `job_execution` ENABLE KEYS */;
UNLOCK TABLES;

--
-- Table structure for table `job_info`
--

DROP TABLE IF EXISTS `job_info`;
/*!40101 SET @saved_cs_client     = @@character_set_client */;
 SET character_set_client = utf8mb4 ;
CREATE TABLE `job_info` (
  `job_id` tinytext,
  `job_name` tinytext,
  `pre_job_id` tinytext,
  `next_job_id` tinytext,
  `start_cmd` tinytext,
  `check_cmd` tinytext,
  `stop_cmd` tinytext,
  `init_cmd` tinytext
) ENGINE=InnoDB DEFAULT CHARSET=utf8mb4 COLLATE=utf8mb4_0900_ai_ci;
/*!40101 SET character_set_client = @saved_cs_client */;

--
-- Dumping data for table `job_info`
--

LOCK TABLES `job_info` WRITE;
/*!40000 ALTER TABLE `job_info` DISABLE KEYS */;
INSERT INTO `job_info` VALUES ('J01','作业1','','J08','./scripts/xxx_start.sh','./scripts/xxx_check.sh','./scripts/xxx_stop.sh',NULL),('J02','作业2','J08','J03','./scripts/xxx_start.sh','./scripts/xxx_check.sh','./scripts/xxx_stop.sh',NULL),('J03','作业3','J02','J04','./scripts/xxx_start.sh','./scripts/xxx_check.sh','./scripts/xxx_stop.sh','test.sh'),('J04','作业4','J03','J05','./scripts/xxx_start.sh','./scripts/xxx_check.sh','./scripts/xxx_stop.sh','test.sh'),('J05','作业5','J04','J06','./scripts/xxx_start.sh','./scripts/xxx_check.sh','./scripts/xxx_stop.sh',NULL),('J06','作业6','J05','J07','./scripts/xxx_start.sh','./scripts/xxx_check.sh','./scripts/xxx_stop.sh',NULL),('J07','作业7','J06','','./scripts/xxx_start.sh','./scripts/xxx_check.sh','./scripts/xxx_stop.sh',NULL),('J08','作业8','J01','J02','./scripts/xxx_start.sh','./scripts/xxx_check.sh','./scripts/xxx_stop.sh',NULL);
/*!40000 ALTER TABLE `job_info` ENABLE KEYS */;
UNLOCK TABLES;

--
-- Table structure for table `job_pipeline_bench`
--

DROP TABLE IF EXISTS `job_pipeline_bench`;
/*!40101 SET @saved_cs_client     = @@character_set_client */;
 SET character_set_client = utf8mb4 ;
CREATE TABLE `job_pipeline_bench` (
  `id` int(11) DEFAULT NULL,
  `rounds_total` int(11) DEFAULT NULL,
  `rounds_done` int(11) DEFAULT NULL
) ENGINE=InnoDB DEFAULT CHARSET=utf8mb4 COLLATE=utf8mb4_0900_ai_ci;
/*!40101 SET character_set_client = @saved_cs_client */;

--
-- Dumping data for table `job_pipeline_bench`
--

LOCK TABLES `job_pipeline_bench` WRITE;
/*!40000 ALTER TABLE `job_pipeline_bench` DISABLE KEYS */;
INSERT INTO `job_pipeline_bench` VALUES (1,100,65);
/*!40000 ALTER TABLE `job_pipeline_bench` ENABLE KEYS */;
UNLOCK TABLES;

--
-- Table structure for table `job_pipeline_exe`
--

DROP TABLE IF EXISTS `job_pipeline_exe`;
/*!40101 SET @saved_cs_client     = @@character_set_client */;
 SET character_set_client = utf8mb4 ;
CREATE TABLE `job_pipeline_exe` (
  `pipeline_id` int(11) DEFAULT NULL,
  `state` tinytext,
  `exe_ids` tinytext,
  `start_time` timestamp NULL DEFAULT NULL,
  `end_time` timestamp NULL DEFAULT NULL,
  `duration` int(11) DEFAULT NULL,
  `duration_pure` int(11) DEFAULT NULL
) ENGINE=InnoDB DEFAULT CHARSET=utf8mb4 COLLATE=utf8mb4_0900_ai_ci;
/*!40101 SET character_set_client = @saved_cs_client */;

--
-- Dumping data for table `job_pipeline_exe`
--

LOCK TABLES `job_pipeline_exe` WRITE;
/*!40000 ALTER TABLE `job_pipeline_exe` DISABLE KEYS */;
INSERT INTO `job_pipeline_exe` VALUES (8,'terminated','42,43','2020-04-14 07:28:34','2020-04-14 07:29:03',29,28),(9,'terminated','59,60,61,62,63,64','2020-04-20 08:40:31','2020-04-20 08:55:07',876,855),(10,'terminated','65,66,67,68,69,70','2020-04-20 09:33:35','2020-04-20 09:38:37',301,280),(11,'terminated','71,72,73,74,75,76','2020-04-20 09:46:24','2020-04-20 09:51:15',291,270),(12,'terminated','77,78,79,80,81,82','2020-04-20 10:59:36','2020-04-20 11:02:31',174,154),(13,'terminated','121','2020-04-20 13:03:26','2020-04-20 13:03:26',0,0),(14,'terminated','122','2020-04-20 13:03:29','2020-04-20 13:03:29',0,0),(15,'terminated','123','2020-04-20 13:04:14','2020-04-20 13:04:14',0,0),(16,'terminated','124','2020-04-20 13:04:31','2020-04-20 13:04:31',0,0),(17,'terminated','125','2020-04-20 13:04:34','2020-04-20 13:04:34',0,0),(18,'terminated','126','2020-04-20 13:04:42','2020-04-20 13:04:42',0,0),(19,'terminated','132,133','2020-04-20 15:24:22','2020-04-20 15:25:46',83,63),(20,'terminated','135,136','2020-04-20 15:58:42','2020-04-20 16:00:10',87,67),(21,'terminated','142,143,144,145,146,147','2020-04-21 00:33:23','2020-04-21 00:38:55',332,306),(22,'terminated','148,149','2020-04-21 07:21:03','2020-04-21 07:22:25',81,61),(23,'completed','150,151,152,153,154,155','2020-04-21 07:35:30','2020-04-21 07:42:12',401,359),(24,'completed','156,157,158,159,160,161','2020-04-21 07:42:20','2020-04-21 07:48:59',399,355),(25,'completed','162,163,164,165,166,167','2020-04-21 07:49:07','2020-04-21 07:55:59',411,368),(26,'terminated','173,174,175','2020-04-21 08:35:10','2020-04-21 08:38:42',211,164),(27,'completed','177,178,179,180,181,182','2020-04-21 08:53:41','2020-04-21 09:02:16',514,466),(28,'terminated','183,184,185','2020-04-21 09:02:24','2020-04-21 09:06:53',269,224),(29,'terminated','202','2020-04-21 11:27:30','2020-04-21 11:59:25',1914,1914),(30,'terminated','203','2020-04-21 12:03:26','2020-04-21 12:03:26',0,0),(31,'terminated','204','2020-04-22 00:44:34','2020-04-22 00:44:34',0,0),(32,'completed','206,207,208,209,210,211','2020-04-22 03:22:29','2020-04-22 03:31:17',528,473),(33,'completed','212,213,214,215,216,217','2020-04-22 03:31:25','2020-04-22 03:40:17',532,474),(34,'completed','218,219,220,221,222,223','2020-04-22 03:40:27','2020-04-22 03:54:26',838,717),(35,'terminated','225,226,227','2020-04-22 07:40:51','2020-04-22 07:41:39',47,35),(37,'terminated','370,371,372,373,374','2020-05-25 12:42:21','2020-05-25 13:38:54',3393,3349),(38,'terminated','378,379,380,381','2020-05-25 21:54:57','2020-05-26 00:50:59',10562,10511),(39,'completed','415,416,417,418,419,420,421','2020-05-26 09:43:03','2020-05-26 10:36:01',3178,2967),(40,'terminated','422','2020-05-26 12:30:56','2020-05-26 12:31:41',44,44),(41,'terminated','427,428','2020-05-26 13:01:23','2020-05-26 13:22:01',1237,1237),(42,'completed','429,430,431,432,433,434,435,436','2020-05-26 14:29:29','2020-05-26 15:44:48',4519,4483),(43,'completed','437,438,439,440,441,442,443,444','2020-05-26 16:36:12','2020-05-26 18:02:27',5175,5136),(44,'terminated','445,446,447,448','2020-05-26 18:02:31','2020-05-26 21:53:06',13834,13807),(45,'completed','449,450,451,452,453,454,455,456','2020-05-26 22:04:54','2020-05-26 23:12:10',4036,3993),(46,'completed','457,458,459,460,461,462,463,464','2020-05-26 23:12:15','2020-05-27 00:20:04',4069,4032),(47,'completed','465,466,467,468,469,470,471,472','2020-05-27 00:20:08','2020-05-27 01:23:45',3816,3776),(48,'terminated','473','2020-05-27 01:23:49','2020-05-27 01:27:03',193,195),(49,'terminated','477,478,479','2020-05-27 04:55:08','2020-05-27 05:35:55',2447,2427),(50,'terminated','480,481,482','2020-05-27 05:47:04','2020-05-27 06:19:20',1936,1914),(51,'completed','483,484,485,486,487,488,489,490','2020-05-27 09:44:52','2020-05-27 10:55:54',4261,4222),(52,'terminated','491','2020-05-27 10:55:58','2020-05-27 10:58:52',173,173),(53,'terminated','492,493,494','2020-05-27 12:51:25','2020-05-27 14:35:37',6251,6229),(54,'completed','495,496,497,498,499,500,501,502','2020-05-27 16:04:23','2020-05-27 17:09:53',3929,3891),(55,'completed','503,504,505,506,507,508,509,510','2020-05-27 17:09:57','2020-05-27 18:22:57',4380,4342),(56,'completed','511,512,513,514,515,516,517,518','2020-05-27 18:23:01','2020-05-27 20:19:20',6978,6939),(57,'completed','519,520,521,522,523,524,525,526','2020-05-27 20:19:24','2020-05-27 21:45:17',5152,5117),(58,'terminated','527,528,529,530,531','2020-05-27 21:45:21','2020-05-27 22:38:13',3172,3136),(59,'terminated','532','2020-05-28 01:24:38','2020-05-28 01:32:20',461,461),(60,'terminated','540,541,542','2020-05-28 03:53:31','2020-05-28 04:31:35',2283,2261),(61,'terminated','546,547,548,549','2020-05-28 05:17:13','2020-05-28 05:57:06',2393,1770),(62,'terminated','559','2020-05-28 09:25:53','2020-05-28 09:33:11',437,437),(63,'completed','560,561,562,563,564,565,566,567','2020-05-28 09:40:49','2020-05-28 11:14:51',5642,5326),(64,'completed','568,569,570,571,572,573,574,575','2020-05-28 11:14:55','2020-05-28 12:26:54',4318,3994),(65,'terminated','576,577,578,579','2020-05-28 12:26:58','2020-05-28 13:09:48',2569,2150),(66,'completed','581,582,583,584,585,586,587,588','2020-05-28 13:38:34','2020-05-28 14:44:13',3938,3696),(67,'completed','589,590,591,592,593,594,595,596','2020-05-28 14:44:17','2020-05-28 15:54:48',4231,3821),(68,'completed','597,598,599,600,601,602,603,604','2020-05-28 15:54:52','2020-05-28 17:03:41',4128,3703),(69,'completed','605,606,607,608,609,610,611,612','2020-05-28 17:03:45','2020-05-28 18:10:08',3983,3662),(70,'completed','613,614,615,616,617,618,619,620','2020-05-28 18:10:12','2020-05-28 19:19:46',4174,3750),(71,'completed','621,622,623,624,625,626,627,628','2020-05-28 19:19:50','2020-05-28 20:42:35',4965,4638),(72,'completed','629,630,631,632,633,634,635,636','2020-05-28 20:42:39','2020-05-28 21:51:37',4138,3730),(73,'completed','637,638,639,640,641,642,643,644','2020-05-28 21:51:41','2020-05-28 22:59:49',4088,3681),(74,'completed','645,646,647,648,649,650,651,652','2020-05-28 22:59:53','2020-05-29 00:06:00',3967,3637),(75,'completed','653,654,655,656,657,658,659,660','2020-05-29 00:06:04','2020-05-29 01:14:54',4130,3705),(76,'completed','661,662,663,664,665,666,667,668','2020-05-29 01:14:58','2020-05-29 03:00:06',6308,5885),(77,'terminated','669','2020-05-29 03:00:10','2020-05-29 03:15:49',938,938),(78,'terminated','671,672,673','2020-05-29 03:48:57','2020-05-29 04:12:57',1440,1157),(79,'terminated','676,677,678,679,680,681,682,683,684','2020-05-29 05:41:32','2020-05-29 06:44:56',3804,3873),(80,'terminated','686,687,688','2020-05-29 07:01:46','2020-05-29 07:26:37',1491,1427),(81,'terminated','690','2020-05-29 08:01:11','2020-05-29 08:05:14',243,243),(82,'completed','691,692,693,694,695,696,697,698','2020-05-29 08:06:10','2020-05-29 09:09:21',3791,3756),(83,'completed','699,700,701,702,703,704,705,706','2020-05-29 09:09:25','2020-05-29 10:09:49',3623,3586),(84,'completed','707,708,709,710,711,712,713,714','2020-05-29 10:09:53','2020-05-29 11:49:09',5956,5919),(85,'completed','715,716,717,718,719,720,721,722','2020-05-29 11:49:13','2020-05-29 12:50:35',3681,3645),(86,'terminated','723,724,725,726,727,728,729','2020-05-29 12:50:39','2020-05-29 13:33:55',2596,2562),(87,'terminated','731','2020-05-29 14:10:11','2020-05-29 14:17:05',413,413),(88,'completed','732,733,734,735,736,737,738,739','2020-05-29 14:33:28','2020-05-29 15:36:24',3776,3676),(89,'completed','740,741,742,743,744,745,746,747','2020-05-29 15:36:28','2020-05-29 16:38:18',3710,3625),(90,'completed','748,749,750,751,752,753,754,755','2020-05-29 16:38:22','2020-05-29 17:58:50',4828,4741),(91,'completed','756,757,758,759,760,761,762,763','2020-05-29 17:58:54','2020-05-29 19:01:21',3747,3630),(92,'completed','764,765,766,767,768,769,770,771','2020-05-29 19:01:25','2020-05-29 20:05:35',3850,3762),(93,'completed','772,773,774,775,776,777,778,779','2020-05-29 20:05:39','2020-05-29 21:08:24',3764,3678),(94,'completed','780,781,782,783,784,785,786,787','2020-05-29 21:08:28','2020-05-29 22:11:55',3807,3717),(95,'completed','788,789,790,791,792,793,794,795','2020-05-29 22:12:00','2020-05-29 23:14:48',3768,3669),(96,'completed','796,797,798,799,800,801,802,803','2020-05-29 23:14:52','2020-05-30 00:16:17',3684,3581),(97,'completed','804,805,806,807,808,809,810,811','2020-05-30 00:16:21','2020-05-30 01:32:14',4552,4465),(98,'terminated','812','2020-05-30 01:32:18','2020-05-30 01:42:25',607,607),(99,'terminated','813,814','2020-05-30 01:48:57','2020-05-30 02:07:17',1099,1099),(100,'completed','815,816,817,818,819,820','2020-05-30 02:15:20','2020-05-30 02:48:05',1964,1949),(101,'completed','821,822,823,824,825,826,827,828','2020-05-30 02:48:09','2020-05-30 03:49:59',3710,3611),(102,'completed','829,830,831,832,833,834,835,836','2020-05-30 03:50:03','2020-05-30 04:52:08',3724,3639),(103,'completed','837,838,839,840,841,842,843,844','2020-05-30 04:52:12','2020-05-30 05:57:12',3899,3809),(104,'completed','845,846,847,848,849,850,851,852','2020-05-30 05:57:16','2020-05-30 06:59:55',3758,3657),(105,'completed','853,854,855,856,857,858,859,860','2020-05-30 06:59:59','2020-05-30 08:03:04',3784,3695),(106,'completed','861,862,863,864,865,866,867,868','2020-05-30 08:03:08','2020-05-30 09:04:45',3697,3611),(107,'completed','869,870,871,872,873,874,875,876','2020-05-30 09:04:49','2020-05-30 10:07:55',3786,3696),(108,'completed','877,878,879,880,881,882,883,884','2020-05-30 10:07:59','2020-05-30 11:10:05',3726,3633),(109,'completed','885,886,887,888,889,890,891,892','2020-05-30 11:10:09','2020-05-30 12:13:41',3812,3716),(110,'completed','893,894,895,896,897,898,899,900','2020-05-30 12:13:45','2020-05-30 13:17:38',3833,3744),(111,'completed','901,902,903,904,905,906,907,908','2020-05-30 13:17:42','2020-05-30 14:20:12',3749,3661),(112,'completed','909,910,911,912,913,914,915,916','2020-05-30 14:20:16','2020-05-30 15:22:44',3747,3654),(113,'completed','917,918,919,920,921,922,923,924','2020-05-30 15:22:48','2020-05-30 16:26:50',3842,3743),(114,'completed','925,926,927,928,929,930,931,932','2020-05-30 16:26:54','2020-05-30 17:31:19',3864,3772),(115,'completed','933,934,935,936,937,938,939,940','2020-05-30 17:31:23','2020-05-30 18:33:28',3724,3624),(116,'completed','941,942,943,944,945,946,947,948','2020-05-30 18:33:32','2020-05-30 19:37:11',3818,3732),(117,'completed','949,950,951,952,953,954,955,956','2020-05-30 19:37:15','2020-05-30 20:39:29',3733,3646),(118,'completed','957,958,959,960,961,962,963,964','2020-05-30 20:39:33','2020-05-30 21:42:50',3797,3700),(119,'completed','965,966,967,968,969,970,971,972','2020-05-30 21:42:54','2020-05-30 22:45:54',3780,3682),(120,'completed','973,974,975,976,977,978,979,980','2020-05-30 22:45:58','2020-05-30 23:50:00',3841,3753),(121,'completed','981,982,983,984,985,986,987,988','2020-05-30 23:50:04','2020-05-31 00:52:30',3746,3651),(122,'completed','989,990,991,992,993,994,995,996','2020-05-31 00:52:34','2020-05-31 01:54:46',3732,3634),(123,'completed','997,998,999,1000,1001,1002,1003,1004','2020-05-31 01:54:50','2020-05-31 02:58:33',3823,3727),(125,'completed','1008,1009,1010,1011,1012,1013,1014,1015','2020-05-31 04:19:58','2020-05-31 05:21:12',3673,3587),(126,'completed','1016,1017,1018,1019,1020,1021,1022,1023','2020-05-31 05:21:16','2020-05-31 06:22:38',3682,3592),(127,'completed','1024,1025,1026,1027,1028,1029,1030,1031','2020-05-31 06:22:42','2020-05-31 07:22:53',3611,3522),(128,'completed','1032,1033,1034,1035,1036,1037,1038,1039','2020-05-31 07:22:57','2020-05-31 08:24:03',3665,3576),(129,'completed','1040,1041,1042,1043,1044,1045,1046,1047','2020-05-31 08:24:07','2020-05-31 09:24:28',3621,3584),(130,'completed','1048,1049,1050,1051,1052,1053,1054,1055','2020-05-31 09:24:32','2020-05-31 10:25:00',3628,3592),(131,'completed','1056,1057,1058,1059,1060,1061,1062,1063','2020-05-31 10:25:04','2020-05-31 11:25:38',3634,3596),(132,'completed','1064,1065,1066,1067,1068,1069,1070,1071','2020-05-31 11:25:43','2020-05-31 12:24:04',3600,3464),(133,'completed','1072,1073,1074,1075,1076,1077,1078,1079','2020-05-31 12:24:08','2020-05-31 13:23:57',3589,3490),(134,'completed','1080,1081,1082,1083,1084,1085,1086,1087','2020-05-31 13:24:01','2020-05-31 14:25:12',3671,3591),(136,'completed','1096,1097,1098,1099,1100,1101,1102,1103','2020-05-31 15:13:38','2020-05-31 16:14:37',3659,3577),(137,'completed','1104,1105,1106,1107,1108,1109,1110,1111','2020-05-31 16:14:41','2020-05-31 17:15:28',3647,3559),(138,'completed','1112,1113,1114,1115,1116,1117,1118,1119','2020-05-31 17:15:32','2020-05-31 18:17:13',3700,3621),(139,'completed','1120,1121,1122,1123,1124,1125,1126,1127','2020-05-31 18:17:17','2020-05-31 19:17:40',3622,3526),(140,'completed','1128,1129,1130,1131,1132,1133,1134,1135','2020-05-31 19:17:44','2020-05-31 20:18:20',3636,3538),(141,'completed','1136,1137,1138,1139,1140,1141,1142,1143','2020-05-31 20:18:24','2020-05-31 21:19:04',3640,3524),(142,'completed','1144,1145,1146,1147,1148,1149,1150,1151','2020-05-31 21:19:08','2020-05-31 22:20:00',3651,3560),(143,'completed','1152,1153,1154,1155,1156,1157,1158,1159','2020-05-31 22:20:04','2020-05-31 23:20:29',3624,3534),(144,'completed','1160,1161,1162,1163,1164,1165,1166,1167','2020-05-31 23:20:33','2020-06-01 00:22:02',3689,3598),(145,'completed','1168,1169,1170,1171,1172,1173,1174,1175','2020-06-01 00:22:06','2020-06-01 01:23:23',3677,3569),(146,'completed','1176,1177,1178,1179,1180,1181,1182,1183','2020-06-01 01:23:27','2020-06-01 02:24:55',3687,3576),(147,'completed','1184,1185,1186,1187,1188,1189,1190,1191','2020-06-01 02:24:59','2020-06-01 03:55:11',5412,3623),(148,'completed','1192,1193,1194,1195,1196,1197,1198,1199','2020-06-01 03:55:15','2020-06-01 04:57:29',3733,3622),(149,'completed','1200,1201,1202,1203,1204,1205,1206,1207','2020-06-01 04:57:33','2020-06-01 06:00:06',3752,3635),(150,'terminated','1253,1260','2020-06-01 06:00:10','2020-06-03 05:39:57',171587,156),(151,'terminated','1264','2020-06-03 05:56:56','2020-06-03 05:56:56',0,0),(152,'terminated','1266,1267,1268,1273','2020-06-03 06:06:15','2020-06-03 06:30:18',1443,NULL),(153,'completed','1275,1277,1278,1279,1280,1281,1282,1283','2020-06-03 09:41:18','2020-06-03 14:03:00',15702,14754),(154,'terminated','1284','2020-06-03 14:03:04','2020-06-04 00:36:02',37978,NULL);
/*!40000 ALTER TABLE `job_pipeline_exe` ENABLE KEYS */;
UNLOCK TABLES;

--
-- Table structure for table `job_step_exe`
--

DROP TABLE IF EXISTS `job_step_exe`;
/*!40101 SET @saved_cs_client     = @@character_set_client */;
 SET character_set_client = utf8mb4 ;
CREATE TABLE `job_step_exe` (
  `job_id` tinytext,
  `last_exe_id` int(11) DEFAULT NULL
) ENGINE=InnoDB DEFAULT CHARSET=utf8mb4 COLLATE=utf8mb4_0900_ai_ci;
/*!40101 SET character_set_client = @saved_cs_client */;

--
-- Dumping data for table `job_step_exe`
--

LOCK TABLES `job_step_exe` WRITE;
/*!40000 ALTER TABLE `job_step_exe` DISABLE KEYS */;
INSERT INTO `job_step_exe` VALUES ('J01',1289),('J02',1322),('J03',1304),('J04',1301),('J05',1233),('J06',1234),('J07',1265),('J08',1312);
/*!40000 ALTER TABLE `job_step_exe` ENABLE KEYS */;
UNLOCK TABLES;
/*!40103 SET TIME_ZONE=@OLD_TIME_ZONE */;

/*!40101 SET SQL_MODE=@OLD_SQL_MODE */;
/*!40014 SET FOREIGN_KEY_CHECKS=@OLD_FOREIGN_KEY_CHECKS */;
/*!40014 SET UNIQUE_CHECKS=@OLD_UNIQUE_CHECKS */;
/*!40101 SET CHARACTER_SET_CLIENT=@OLD_CHARACTER_SET_CLIENT */;
/*!40101 SET CHARACTER_SET_RESULTS=@OLD_CHARACTER_SET_RESULTS */;
/*!40101 SET COLLATION_CONNECTION=@OLD_COLLATION_CONNECTION */;
/*!40111 SET SQL_NOTES=@OLD_SQL_NOTES */;

-- Dump completed on 2020-06-09 18:59:57
